Code,No. of faecal pellets,Treatment,Replicate,Date,Day,Individual
1A,0,Control,1,05/11/2019,1,1
1B,0,Control,2,05/11/2019,1,2
1C,0,Control,3,05/11/2019,1,3
1D,0,Control,4,05/11/2019,1,4
1E,0,Control,5,05/11/2019,1,5
1F,0,Control,6,05/11/2019,1,6
1G,0,Control,7,05/11/2019,1,7
1H,0,Control,8,05/11/2019,1,8
1I,0,Control,9,05/11/2019,1,9
1J,0,Control,10,05/11/2019,1,10
2A,0,Sterile,1,05/11/2019,1,11
2B,0,Sterile,2,05/11/2019,1,12
2C,0,Sterile,3,05/11/2019,1,13
2D,0,Sterile,4,05/11/2019,1,14
2E,0,Sterile,5,05/11/2019,1,15
2F,0,Sterile,6,05/11/2019,1,16
2G,0,Sterile,7,05/11/2019,1,17
2H,0,Sterile,8,05/11/2019,1,18
2I,0,Sterile,9,05/11/2019,1,19
2J,0,Sterile,10,05/11/2019,1,20
3A,0,Undiluted,1,05/11/2019,1,21
3B,0,Undiluted,2,05/11/2019,1,22
3C,0,Undiluted,3,05/11/2019,1,23
3D,0,Undiluted,4,05/11/2019,1,24
3E,0,Undiluted,5,05/11/2019,1,25
3F,0,Undiluted,6,05/11/2019,1,26
3G,0,Undiluted,7,05/11/2019,1,27
3H,0,Undiluted,8,05/11/2019,1,28
3I,0,Undiluted,9,05/11/2019,1,29
3J,0,Undiluted,10,05/11/2019,1,30
4A,0,2X Diluted,1,05/11/2019,1,31
4B,0,2X Diluted,2,05/11/2019,1,32
4C,0,2X Diluted,3,05/11/2019,1,33
4D,0,2X Diluted,4,05/11/2019,1,34
4E,0,2X Diluted,5,05/11/2019,1,35
4F,0,2X Diluted,6,05/11/2019,1,36
4G,0,2X Diluted,7,05/11/2019,1,37
4H,0,2X Diluted,8,05/11/2019,1,38
4I,0,2X Diluted,9,05/11/2019,1,39
4J,0,2X Diluted,10,05/11/2019,1,40
1A,5,Control,1,06/11/2019,2,1
1B,5,Control,2,06/11/2019,2,2
1C,16,Control,3,06/11/2019,2,3
1D,9,Control,4,06/11/2019,2,4
1E,14,Control,5,06/11/2019,2,5
1F,9,Control,6,06/11/2019,2,6
1G,4,Control,7,06/11/2019,2,7
1H,3,Control,8,06/11/2019,2,8
1I,8,Control,9,06/11/2019,2,9
1J,4,Control,10,06/11/2019,2,10
2A,9,Sterile,1,06/11/2019,2,11
2B,3,Sterile,2,06/11/2019,2,12
2C,8,Sterile,3,06/11/2019,2,13
2D,8,Sterile,4,06/11/2019,2,14
2E,4,Sterile,5,06/11/2019,2,15
2F,3,Sterile,6,06/11/2019,2,16
2G,6,Sterile,7,06/11/2019,2,17
2H,5,Sterile,8,06/11/2019,2,18
2I,5,Sterile,9,06/11/2019,2,19
2J,5,Sterile,10,06/11/2019,2,20
3A,6,Undiluted,1,06/11/2019,2,21
3B,4,Undiluted,2,06/11/2019,2,22
3C,7,Undiluted,3,06/11/2019,2,23
3D,4,Undiluted,4,06/11/2019,2,24
3E,3,Undiluted,5,06/11/2019,2,25
3F,4,Undiluted,6,06/11/2019,2,26
3G,5,Undiluted,7,06/11/2019,2,27
3H,5,Undiluted,8,06/11/2019,2,28
3I,7,Undiluted,9,06/11/2019,2,29
3J,5,Undiluted,10,06/11/2019,2,30
4A,2,2X Diluted,1,06/11/2019,2,31
4B,8,2X Diluted,2,06/11/2019,2,32
4C,8,2X Diluted,3,06/11/2019,2,33
4D,2,2X Diluted,4,06/11/2019,2,34
4E,3,2X Diluted,5,06/11/2019,2,35
4F,5,2X Diluted,6,06/11/2019,2,36
4G,2,2X Diluted,7,06/11/2019,2,37
4H,8,2X Diluted,8,06/11/2019,2,38
4I,4,2X Diluted,9,06/11/2019,2,39
4J,5,2X Diluted,10,06/11/2019,2,40
1A,13,Control,1,07/11/2019,3,1
1B,3,Control,2,07/11/2019,3,2
1C,6,Control,3,07/11/2019,3,3
1D,22,Control,4,07/11/2019,3,4
1E,30,Control,5,07/11/2019,3,5
1F,21,Control,6,07/11/2019,3,6
1G,15,Control,7,07/11/2019,3,7
1H,11,Control,8,07/11/2019,3,8
1I,18,Control,9,07/11/2019,3,9
1J,27,Control,10,07/11/2019,3,10
2A,5,Sterile,1,07/11/2019,3,11
2B,1,Sterile,2,07/11/2019,3,12
2C,2,Sterile,3,07/11/2019,3,13
2D,8,Sterile,4,07/11/2019,3,14
2E,3,Sterile,5,07/11/2019,3,15
2F,6,Sterile,6,07/11/2019,3,16
2G,4,Sterile,7,07/11/2019,3,17
2H,5,Sterile,8,07/11/2019,3,18
2I,1,Sterile,9,07/11/2019,3,19
2J,3,Sterile,10,07/11/2019,3,20
3A,3,Undiluted,1,07/11/2019,3,21
3B,2,Undiluted,2,07/11/2019,3,22
3C,3,Undiluted,3,07/11/2019,3,23
3D,3,Undiluted,4,07/11/2019,3,24
3E,2,Undiluted,5,07/11/2019,3,25
3F,3,Undiluted,6,07/11/2019,3,26
3G,2,Undiluted,7,07/11/2019,3,27
3H,5,Undiluted,8,07/11/2019,3,28
3I,1,Undiluted,9,07/11/2019,3,29
3J,2,Undiluted,10,07/11/2019,3,30
4A,1,2X Diluted,1,07/11/2019,3,31
4B,3,2X Diluted,2,07/11/2019,3,32
4C,1,2X Diluted,3,07/11/2019,3,33
4D,1,2X Diluted,4,07/11/2019,3,34
4E,2,2X Diluted,5,07/11/2019,3,35
4F,1,2X Diluted,6,07/11/2019,3,36
4G,1,2X Diluted,7,07/11/2019,3,37
4H,4,2X Diluted,8,07/11/2019,3,38
4I,3,2X Diluted,9,07/11/2019,3,39
4J,3,2X Diluted,10,07/11/2019,3,40
1A,3,Control,1,08/11/2019,4,1
1B,17,Control,2,08/11/2019,4,2
1C,16,Control,3,08/11/2019,4,3
1D,9,Control,4,08/11/2019,4,4
1E,35,Control,5,08/11/2019,4,5
1F,16,Control,6,08/11/2019,4,6
1G,6,Control,7,08/11/2019,4,7
1H,5,Control,8,08/11/2019,4,8
1I,27,Control,9,08/11/2019,4,9
1J,7,Control,10,08/11/2019,4,10
2A,2,Sterile,1,08/11/2019,4,11
2B,3,Sterile,2,08/11/2019,4,12
2C,2,Sterile,3,08/11/2019,4,13
2D,3,Sterile,4,08/11/2019,4,14
2E,1,Sterile,5,08/11/2019,4,15
2F,1,Sterile,6,08/11/2019,4,16
2G,2,Sterile,7,08/11/2019,4,17
2H,1,Sterile,8,08/11/2019,4,18
2I,2,Sterile,9,08/11/2019,4,19
2J,1,Sterile,10,08/11/2019,4,20
3A,2,Undiluted,1,08/11/2019,4,21
3B,1,Undiluted,2,08/11/2019,4,22
3C,3,Undiluted,3,08/11/2019,4,23
3D,2,Undiluted,4,08/11/2019,4,24
3E,1,Undiluted,5,08/11/2019,4,25
3F,1,Undiluted,6,08/11/2019,4,26
3G,1,Undiluted,7,08/11/2019,4,27
3H,2,Undiluted,8,08/11/2019,4,28
3I,1,Undiluted,9,08/11/2019,4,29
3J,2,Undiluted,10,08/11/2019,4,30
4A,2,2X Diluted,1,08/11/2019,4,31
4B,4,2X Diluted,2,08/11/2019,4,32
4C,2,2X Diluted,3,08/11/2019,4,33
4D,1,2X Diluted,4,08/11/2019,4,34
4E,2,2X Diluted,5,08/11/2019,4,35
4F,3,2X Diluted,6,08/11/2019,4,36
4G,1,2X Diluted,7,08/11/2019,4,37
4H,3,2X Diluted,8,08/11/2019,4,38
4I,3,2X Diluted,9,08/11/2019,4,39
4J,1,2X Diluted,10,08/11/2019,4,40
1A,4,Control,1,09/11/2019,5,1
1B,8,Control,2,09/11/2019,5,2
1C,18,Control,3,09/11/2019,5,3
1D,15,Control,4,09/11/2019,5,4
1E,28,Control,5,09/11/2019,5,5
1F,25,Control,6,09/11/2019,5,6
1G,27,Control,7,09/11/2019,5,7
1H,3,Control,8,09/11/2019,5,8
1I,25,Control,9,09/11/2019,5,9
1J,10,Control,10,09/11/2019,5,10
2A,4,Sterile,1,09/11/2019,5,11
2B,1,Sterile,2,09/11/2019,5,12
2C,2,Sterile,3,09/11/2019,5,13
2D,3,Sterile,4,09/11/2019,5,14
2E,2,Sterile,5,09/11/2019,5,15
2F,1,Sterile,6,09/11/2019,5,16
2G,1,Sterile,7,09/11/2019,5,17
2H,3,Sterile,8,09/11/2019,5,18
2I,1,Sterile,9,09/11/2019,5,19
2J,1,Sterile,10,09/11/2019,5,20
3A,1,Undiluted,1,09/11/2019,5,21
3B,3,Undiluted,2,09/11/2019,5,22
3C,1,Undiluted,3,09/11/2019,5,23
3D,1,Undiluted,4,09/11/2019,5,24
3E,1,Undiluted,5,09/11/2019,5,25
3F,5,Undiluted,6,09/11/2019,5,26
3G,1,Undiluted,7,09/11/2019,5,27
3H,3,Undiluted,8,09/11/2019,5,28
3I,1,Undiluted,9,09/11/2019,5,29
3J,2,Undiluted,10,09/11/2019,5,30
4A,1,2X Diluted,1,09/11/2019,5,31
4B,3,2X Diluted,2,09/11/2019,5,32
4C,2,2X Diluted,3,09/11/2019,5,33
4D,1,2X Diluted,4,09/11/2019,5,34
4E,3,2X Diluted,5,09/11/2019,5,35
4F,1,2X Diluted,6,09/11/2019,5,36
4G,1,2X Diluted,7,09/11/2019,5,37
4H,2,2X Diluted,8,09/11/2019,5,38
4I,1,2X Diluted,9,09/11/2019,5,39
4J,2,2X Diluted,10,09/11/2019,5,40
1A,9,Control,1,10/11/2019,6,1
1B,7,Control,2,10/11/2019,6,2
1C,31,Control,3,10/11/2019,6,3
1D,18,Control,4,10/11/2019,6,4
1E,20,Control,5,10/11/2019,6,5
1F,27,Control,6,10/11/2019,6,6
1G,25,Control,7,10/11/2019,6,7
1H,10,Control,8,10/11/2019,6,8
1I,21,Control,9,10/11/2019,6,9
1J,25,Control,10,10/11/2019,6,10
2A,1,Sterile,1,10/11/2019,6,11
2B,1,Sterile,2,10/11/2019,6,12
2C,2,Sterile,3,10/11/2019,6,13
2D,6,Sterile,4,10/11/2019,6,14
2E,2,Sterile,5,10/11/2019,6,15
2F,3,Sterile,6,10/11/2019,6,16
2G,1,Sterile,7,10/11/2019,6,17
2H,3,Sterile,8,10/11/2019,6,18
2I,1,Sterile,9,10/11/2019,6,19
2J,2,Sterile,10,10/11/2019,6,20
3A,1,Undiluted,1,10/11/2019,6,21
3B,1,Undiluted,2,10/11/2019,6,22
3C,2,Undiluted,3,10/11/2019,6,23
3D,2,Undiluted,4,10/11/2019,6,24
3E,2,Undiluted,5,10/11/2019,6,25
3F,1,Undiluted,6,10/11/2019,6,26
3G,2,Undiluted,7,10/11/2019,6,27
3H,3,Undiluted,8,10/11/2019,6,28
3I,2,Undiluted,9,10/11/2019,6,29
3J,1,Undiluted,10,10/11/2019,6,30
4A,1,2X Diluted,1,10/11/2019,6,31
4B,3,2X Diluted,2,10/11/2019,6,32
4C,3,2X Diluted,3,10/11/2019,6,33
4D,1,2X Diluted,4,10/11/2019,6,34
4E,2,2X Diluted,5,10/11/2019,6,35
4F,1,2X Diluted,6,10/11/2019,6,36
4G,2,2X Diluted,7,10/11/2019,6,37
4H,1,2X Diluted,8,10/11/2019,6,38
4I,2,2X Diluted,9,10/11/2019,6,39
4J,2,2X Diluted,10,10/11/2019,6,40
1A,6,Control,1,11/11/2019,7,1
1B,3,Control,2,11/11/2019,7,2
1C,12,Control,3,11/11/2019,7,3
1D,8,Control,4,11/11/2019,7,4
1E,6,Control,5,11/11/2019,7,5
1F,14,Control,6,11/11/2019,7,6
1G,12,Control,7,11/11/2019,7,7
1H,4,Control,8,11/11/2019,7,8
1I,8,Control,9,11/11/2019,7,9
1J,11,Control,10,11/11/2019,7,10
2A,3,Sterile,1,11/11/2019,7,11
2B,2,Sterile,2,11/11/2019,7,12
2C,4,Sterile,3,11/11/2019,7,13
2D,2,Sterile,4,11/11/2019,7,14
2E,1,Sterile,5,11/11/2019,7,15
2F,1,Sterile,6,11/11/2019,7,16
2G,1,Sterile,7,11/11/2019,7,17
2H,2,Sterile,8,11/11/2019,7,18
2I,1,Sterile,9,11/11/2019,7,19
2J,2,Sterile,10,11/11/2019,7,20
3A,2,Undiluted,1,11/11/2019,7,21
3B,1,Undiluted,2,11/11/2019,7,22
3C,1,Undiluted,3,11/11/2019,7,23
3D,2,Undiluted,4,11/11/2019,7,24
3E,3,Undiluted,5,11/11/2019,7,25
3F,1,Undiluted,6,11/11/2019,7,26
3G,2,Undiluted,7,11/11/2019,7,27
3H,1,Undiluted,8,11/11/2019,7,28
3I,2,Undiluted,9,11/11/2019,7,29
3J,3,Undiluted,10,11/11/2019,7,30
4A,1,2X Diluted,1,11/11/2019,7,31
4B,2,2X Diluted,2,11/11/2019,7,32
4C,1,2X Diluted,3,11/11/2019,7,33
4D,2,2X Diluted,4,11/11/2019,7,34
4E,3,2X Diluted,5,11/11/2019,7,35
4F,3,2X Diluted,6,11/11/2019,7,36
4G,1,2X Diluted,7,11/11/2019,7,37
4H,1,2X Diluted,8,11/11/2019,7,38
4I,1,2X Diluted,9,11/11/2019,7,39
4J,1,2X Diluted,10,11/11/2019,7,40
1A,14,Control,1,12/11/2019,8,1
1B,8,Control,2,12/11/2019,8,2
1C,6,Control,3,12/11/2019,8,3
1D,5,Control,4,12/11/2019,8,4
1E,4,Control,5,12/11/2019,8,5
1F,7,Control,6,12/11/2019,8,6
1G,5,Control,7,12/11/2019,8,7
1H,5,Control,8,12/11/2019,8,8
1I,4,Control,9,12/11/2019,8,9
1J,7,Control,10,12/11/2019,8,10
2A,2,Sterile,1,12/11/2019,8,11
2B,1,Sterile,2,12/11/2019,8,12
2C,1,Sterile,3,12/11/2019,8,13
2D,2,Sterile,4,12/11/2019,8,14
2E,1,Sterile,5,12/11/2019,8,15
2F,1,Sterile,6,12/11/2019,8,16
2G,1,Sterile,7,12/11/2019,8,17
2H,2,Sterile,8,12/11/2019,8,18
2I,1,Sterile,9,12/11/2019,8,19
2J,1,Sterile,10,12/11/2019,8,20
3A,1,Undiluted,1,12/11/2019,8,21
3B,1,Undiluted,2,12/11/2019,8,22
3C,2,Undiluted,3,12/11/2019,8,23
3D,1,Undiluted,4,12/11/2019,8,24
3E,2,Undiluted,5,12/11/2019,8,25
3F,0,Undiluted,6,12/11/2019,8,26
3G,1,Undiluted,7,12/11/2019,8,27
3H,0,Undiluted,8,12/11/2019,8,28
3I,2,Undiluted,9,12/11/2019,8,29
3J,0,Undiluted,10,12/11/2019,8,30
4A,0,2X Diluted,1,12/11/2019,8,31
4B,1,2X Diluted,2,12/11/2019,8,32
4C,2,2X Diluted,3,12/11/2019,8,33
4D,0,2X Diluted,4,12/11/2019,8,34
4E,3,2X Diluted,5,12/11/2019,8,35
4F,2,2X Diluted,6,12/11/2019,8,36
4G,1,2X Diluted,7,12/11/2019,8,37
4H,0,2X Diluted,8,12/11/2019,8,38
4I,3,2X Diluted,9,12/11/2019,8,39
4J,2,2X Diluted,10,12/11/2019,8,40
1A,8,Control,1,13/11/2019,9,1
1B,11,Control,2,13/11/2019,9,2
1C,5,Control,3,13/11/2019,9,3
1D,3,Control,4,13/11/2019,9,4
1E,5,Control,5,13/11/2019,9,5
1F,4,Control,6,13/11/2019,9,6
1G,5,Control,7,13/11/2019,9,7
1H,3,Control,8,13/11/2019,9,8
1I,3,Control,9,13/11/2019,9,9
1J,5,Control,10,13/11/2019,9,10
2A,1,Sterile,1,13/11/2019,9,11
2B,1,Sterile,2,13/11/2019,9,12
2C,1,Sterile,3,13/11/2019,9,13
2D,2,Sterile,4,13/11/2019,9,14
2E,1,Sterile,5,13/11/2019,9,15
2F,1,Sterile,6,13/11/2019,9,16
2G,2,Sterile,7,13/11/2019,9,17
2H,1,Sterile,8,13/11/2019,9,18
2I,1,Sterile,9,13/11/2019,9,19
2J,1,Sterile,10,13/11/2019,9,20
3A,2,Undiluted,1,13/11/2019,9,21
3B,1,Undiluted,2,13/11/2019,9,22
3C,1,Undiluted,3,13/11/2019,9,23
3D,1,Undiluted,4,13/11/2019,9,24
3E,1,Undiluted,5,13/11/2019,9,25
3F,2,Undiluted,6,13/11/2019,9,26
3G,1,Undiluted,7,13/11/2019,9,27
3H,2,Undiluted,8,13/11/2019,9,28
3I,3,Undiluted,9,13/11/2019,9,29
3J,1,Undiluted,10,13/11/2019,9,30
4A,1,2X Diluted,1,13/11/2019,9,31
4B,2,2X Diluted,2,13/11/2019,9,32
4C,3,2X Diluted,3,13/11/2019,9,33
4D,2,2X Diluted,4,13/11/2019,9,34
4E,1,2X Diluted,5,13/11/2019,9,35
4F,1,2X Diluted,6,13/11/2019,9,36
4G,2,2X Diluted,7,13/11/2019,9,37
4H,1,2X Diluted,8,13/11/2019,9,38
4I,3,2X Diluted,9,13/11/2019,9,39
4J,2,2X Diluted,10,13/11/2019,9,40
1A,12,Control,1,14/11/2019,10,1
1B,13,Control,2,14/11/2019,10,2
1C,7,Control,3,14/11/2019,10,3
1D,5,Control,4,14/11/2019,10,4
1E,16,Control,5,14/11/2019,10,5
1F,5,Control,6,14/11/2019,10,6
1G,7,Control,7,14/11/2019,10,7
1H,5,Control,8,14/11/2019,10,8
1I,4,Control,9,14/11/2019,10,9
1J,3,Control,10,14/11/2019,10,10
2A,2,Sterile,1,14/11/2019,10,11
2B,2,Sterile,2,14/11/2019,10,12
2C,1,Sterile,3,14/11/2019,10,13
2D,2,Sterile,4,14/11/2019,10,14
2E,1,Sterile,5,14/11/2019,10,15
2F,1,Sterile,6,14/11/2019,10,16
2G,1,Sterile,7,14/11/2019,10,17
2H,1,Sterile,8,14/11/2019,10,18
2I,0,Sterile,9,14/11/2019,10,19
2J,1,Sterile,10,14/11/2019,10,20
3A,1,Undiluted,1,14/11/2019,10,21
3B,0,Undiluted,2,14/11/2019,10,22
3C,2,Undiluted,3,14/11/2019,10,23
3D,2,Undiluted,4,14/11/2019,10,24
3E,0,Undiluted,5,14/11/2019,10,25
3F,2,Undiluted,6,14/11/2019,10,26
3G,1,Undiluted,7,14/11/2019,10,27
3H,1,Undiluted,8,14/11/2019,10,28
3I,1,Undiluted,9,14/11/2019,10,29
3J,0,Undiluted,10,14/11/2019,10,30
4A,2,2X Diluted,1,14/11/2019,10,31
4B,3,2X Diluted,2,14/11/2019,10,32
4C,1,2X Diluted,3,14/11/2019,10,33
4D,1,2X Diluted,4,14/11/2019,10,34
4E,2,2X Diluted,5,14/11/2019,10,35
4F,2,2X Diluted,6,14/11/2019,10,36
4G,0,2X Diluted,7,14/11/2019,10,37
4H,0,2X Diluted,8,14/11/2019,10,38
4I,0,2X Diluted,9,14/11/2019,10,39
4J,2,2X Diluted,10,14/11/2019,10,40
1A,11,Control,1,15/11/2019,11,1
1B,12,Control,2,15/11/2019,11,2
1C,11,Control,3,15/11/2019,11,3
1D,6,Control,4,15/11/2019,11,4
1E,14,Control,5,15/11/2019,11,5
1F,4,Control,6,15/11/2019,11,6
1G,6,Control,7,15/11/2019,11,7
1H,6,Control,8,15/11/2019,11,8
1I,5,Control,9,15/11/2019,11,9
1J,11,Control,10,15/11/2019,11,10
2A,2,Sterile,1,15/11/2019,11,11
2B,1,Sterile,2,15/11/2019,11,12
2C,0,Sterile,3,15/11/2019,11,13
2D,0,Sterile,4,15/11/2019,11,14
2E,0,Sterile,5,15/11/2019,11,15
2F,1,Sterile,6,15/11/2019,11,16
2G,0,Sterile,7,15/11/2019,11,17
2H,0,Sterile,8,15/11/2019,11,18
2I,0,Sterile,9,15/11/2019,11,19
2J,0,Sterile,10,15/11/2019,11,20
3A,NA,Undiluted,1,15/11/2019,11,21
3B,1,Undiluted,2,15/11/2019,11,22
3C,0,Undiluted,3,15/11/2019,11,23
3D,1,Undiluted,4,15/11/2019,11,24
3E,1,Undiluted,5,15/11/2019,11,25
3F,1,Undiluted,6,15/11/2019,11,26
3G,1,Undiluted,7,15/11/2019,11,27
3H,0,Undiluted,8,15/11/2019,11,28
3I,1,Undiluted,9,15/11/2019,11,29
3J,0,Undiluted,10,15/11/2019,11,30
4A,0,2X Diluted,1,15/11/2019,11,31
4B,2,2X Diluted,2,15/11/2019,11,32
4C,1,2X Diluted,3,15/11/2019,11,33
4D,4,2X Diluted,4,15/11/2019,11,34
4E,3,2X Diluted,5,15/11/2019,11,35
4F,2,2X Diluted,6,15/11/2019,11,36
4G,1,2X Diluted,7,15/11/2019,11,37
4H,1,2X Diluted,8,15/11/2019,11,38
4I,0,2X Diluted,9,15/11/2019,11,39
4J,3,2X Diluted,10,15/11/2019,11,40
1A,8,Control,1,16/11/2019,12,1
1B,10,Control,2,16/11/2019,12,2
1C,8,Control,3,16/11/2019,12,3
1D,10,Control,4,16/11/2019,12,4
1E,16,Control,5,16/11/2019,12,5
1F,7,Control,6,16/11/2019,12,6
1G,8,Control,7,16/11/2019,12,7
1H,8,Control,8,16/11/2019,12,8
1I,4,Control,9,16/11/2019,12,9
1J,5,Control,10,16/11/2019,12,10
2A,2,Sterile,1,16/11/2019,12,11
2B,2,Sterile,2,16/11/2019,12,12
2C,1,Sterile,3,16/11/2019,12,13
2D,0,Sterile,4,16/11/2019,12,14
2E,1,Sterile,5,16/11/2019,12,15
2F,1,Sterile,6,16/11/2019,12,16
2G,1,Sterile,7,16/11/2019,12,17
2H,0,Sterile,8,16/11/2019,12,18
2I,NA,Sterile,9,16/11/2019,12,19
2J,1,Sterile,10,16/11/2019,12,20
3A,NA,Undiluted,1,16/11/2019,12,21
3B,1,Undiluted,2,16/11/2019,12,22
3C,1,Undiluted,3,16/11/2019,12,23
3D,2,Undiluted,4,16/11/2019,12,24
3E,1,Undiluted,5,16/11/2019,12,25
3F,1,Undiluted,6,16/11/2019,12,26
3G,0,Undiluted,7,16/11/2019,12,27
3H,0,Undiluted,8,16/11/2019,12,28
3I,1,Undiluted,9,16/11/2019,12,29
3J,1,Undiluted,10,16/11/2019,12,30
4A,1,2X Diluted,1,16/11/2019,12,31
4B,1,2X Diluted,2,16/11/2019,12,32
4C,0,2X Diluted,3,16/11/2019,12,33
4D,3,2X Diluted,4,16/11/2019,12,34
4E,4,2X Diluted,5,16/11/2019,12,35
4F,1,2X Diluted,6,16/11/2019,12,36
4G,1,2X Diluted,7,16/11/2019,12,37
4H,0,2X Diluted,8,16/11/2019,12,38
4I,1,2X Diluted,9,16/11/2019,12,39
4J,1,2X Diluted,10,16/11/2019,12,40
1A,12,Control,1,17/11/2019,13,1
1B,13,Control,2,17/11/2019,13,2
1C,19,Control,3,17/11/2019,13,3
1D,14,Control,4,17/11/2019,13,4
1E,19,Control,5,17/11/2019,13,5
1F,10,Control,6,17/11/2019,13,6
1G,13,Control,7,17/11/2019,13,7
1H,17,Control,8,17/11/2019,13,8
1I,8,Control,9,17/11/2019,13,9
1J,16,Control,10,17/11/2019,13,10
2A,3,Sterile,1,17/11/2019,13,11
2B,2,Sterile,2,17/11/2019,13,12
2C,1,Sterile,3,17/11/2019,13,13
2D,2,Sterile,4,17/11/2019,13,14
2E,1,Sterile,5,17/11/2019,13,15
2F,2,Sterile,6,17/11/2019,13,16
2G,3,Sterile,7,17/11/2019,13,17
2H,2,Sterile,8,17/11/2019,13,18
2I,NA,Sterile,9,17/11/2019,13,19
2J,2,Sterile,10,17/11/2019,13,20
3A,NA,Undiluted,1,17/11/2019,13,21
3B,1,Undiluted,2,17/11/2019,13,22
3C,4,Undiluted,3,17/11/2019,13,23
3D,2,Undiluted,4,17/11/2019,13,24
3E,1,Undiluted,5,17/11/2019,13,25
3F,1,Undiluted,6,17/11/2019,13,26
3G,0,Undiluted,7,17/11/2019,13,27
3H,1,Undiluted,8,17/11/2019,13,28
3I,2,Undiluted,9,17/11/2019,13,29
3J,1,Undiluted,10,17/11/2019,13,30
4A,0,2X Diluted,1,17/11/2019,13,31
4B,1,2X Diluted,2,17/11/2019,13,32
4C,3,2X Diluted,3,17/11/2019,13,33
4D,2,2X Diluted,4,17/11/2019,13,34
4E,3,2X Diluted,5,17/11/2019,13,35
4F,4,2X Diluted,6,17/11/2019,13,36
4G,2,2X Diluted,7,17/11/2019,13,37
4H,1,2X Diluted,8,17/11/2019,13,38
4I,1,2X Diluted,9,17/11/2019,13,39
4J,2,2X Diluted,10,17/11/2019,13,40
1A,3,Control,1,18/11/2019,14,1
1B,6,Control,2,18/11/2019,14,2
1C,7,Control,3,18/11/2019,14,3
1D,3,Control,4,18/11/2019,14,4
1E,5,Control,5,18/11/2019,14,5
1F,3,Control,6,18/11/2019,14,6
1G,4,Control,7,18/11/2019,14,7
1H,2,Control,8,18/11/2019,14,8
1I,2,Control,9,18/11/2019,14,9
1J,3,Control,10,18/11/2019,14,10
2A,1,Sterile,1,18/11/2019,14,11
2B,2,Sterile,2,18/11/2019,14,12
2C,0,Sterile,3,18/11/2019,14,13
2D,0,Sterile,4,18/11/2019,14,14
2E,0,Sterile,5,18/11/2019,14,15
2F,0,Sterile,6,18/11/2019,14,16
2G,1,Sterile,7,18/11/2019,14,17
2H,0,Sterile,8,18/11/2019,14,18
2I,NA,Sterile,9,18/11/2019,14,19
2J,0,Sterile,10,18/11/2019,14,20
3A,NA,Undiluted,1,18/11/2019,14,21
3B,0,Undiluted,2,18/11/2019,14,22
3C,3,Undiluted,3,18/11/2019,14,23
3D,1,Undiluted,4,18/11/2019,14,24
3E,0,Undiluted,5,18/11/2019,14,25
3F,0,Undiluted,6,18/11/2019,14,26
3G,0,Undiluted,7,18/11/2019,14,27
3H,1,Undiluted,8,18/11/2019,14,28
3I,0,Undiluted,9,18/11/2019,14,29
3J,0,Undiluted,10,18/11/2019,14,30
4A,0,2X Diluted,1,18/11/2019,14,31
4B,1,2X Diluted,2,18/11/2019,14,32
4C,0,2X Diluted,3,18/11/2019,14,33
4D,0,2X Diluted,4,18/11/2019,14,34
4E,1,2X Diluted,5,18/11/2019,14,35
4F,1,2X Diluted,6,18/11/2019,14,36
4G,0,2X Diluted,7,18/11/2019,14,37
4H,0,2X Diluted,8,18/11/2019,14,38
4I,0,2X Diluted,9,18/11/2019,14,39
4J,0,2X Diluted,10,18/11/2019,14,40
1A,4,Control,1,19/11/2019,15,1
1B,3,Control,2,19/11/2019,15,2
1C,6,Control,3,19/11/2019,15,3
1D,4,Control,4,19/11/2019,15,4
1E,3,Control,5,19/11/2019,15,5
1F,2,Control,6,19/11/2019,15,6
1G,5,Control,7,19/11/2019,15,7
1H,3,Control,8,19/11/2019,15,8
1I,4,Control,9,19/11/2019,15,9
1J,2,Control,10,19/11/2019,15,10
2A,1,Sterile,1,19/11/2019,15,11
2B,0,Sterile,2,19/11/2019,15,12
2C,1,Sterile,3,19/11/2019,15,13
2D,1,Sterile,4,19/11/2019,15,14
2E,1,Sterile,5,19/11/2019,15,15
2F,1,Sterile,6,19/11/2019,15,16
2G,0,Sterile,7,19/11/2019,15,17
2H,0,Sterile,8,19/11/2019,15,18
2I,NA,Sterile,9,19/11/2019,15,19
2J,1,Sterile,10,19/11/2019,15,20
3A,NA,Undiluted,1,19/11/2019,15,21
3B,0,Undiluted,2,19/11/2019,15,22
3C,1,Undiluted,3,19/11/2019,15,23
3D,0,Undiluted,4,19/11/2019,15,24
3E,1,Undiluted,5,19/11/2019,15,25
3F,0,Undiluted,6,19/11/2019,15,26
3G,1,Undiluted,7,19/11/2019,15,27
3H,0,Undiluted,8,19/11/2019,15,28
3I,0,Undiluted,9,19/11/2019,15,29
3J,0,Undiluted,10,19/11/2019,15,30
4A,0,2X Diluted,1,19/11/2019,15,31
4B,0,2X Diluted,2,19/11/2019,15,32
4C,0,2X Diluted,3,19/11/2019,15,33
4D,2,2X Diluted,4,19/11/2019,15,34
4E,1,2X Diluted,5,19/11/2019,15,35
4F,1,2X Diluted,6,19/11/2019,15,36
4G,0,2X Diluted,7,19/11/2019,15,37
4H,0,2X Diluted,8,19/11/2019,15,38
4I,0,2X Diluted,9,19/11/2019,15,39
4J,1,2X Diluted,10,19/11/2019,15,40
1A,2,Control,1,20/11/2019,16,1
1B,3,Control,2,20/11/2019,16,2
1C,5,Control,3,20/11/2019,16,3
1D,4,Control,4,20/11/2019,16,4
1E,5,Control,5,20/11/2019,16,5
1F,4,Control,6,20/11/2019,16,6
1G,3,Control,7,20/11/2019,16,7
1H,4,Control,8,20/11/2019,16,8
1I,3,Control,9,20/11/2019,16,9
1J,3,Control,10,20/11/2019,16,10
2A,1,Sterile,1,20/11/2019,16,11
2B,1,Sterile,2,20/11/2019,16,12
2C,1,Sterile,3,20/11/2019,16,13
2D,1,Sterile,4,20/11/2019,16,14
2E,1,Sterile,5,20/11/2019,16,15
2F,1,Sterile,6,20/11/2019,16,16
2G,1,Sterile,7,20/11/2019,16,17
2H,2,Sterile,8,20/11/2019,16,18
2I,1,Sterile,9,20/11/2019,16,19
2J,1,Sterile,10,20/11/2019,16,20
3A,1,Undiluted,1,20/11/2019,16,21
3B,1,Undiluted,2,20/11/2019,16,22
3C,2,Undiluted,3,20/11/2019,16,23
3D,1,Undiluted,4,20/11/2019,16,24
3E,1,Undiluted,5,20/11/2019,16,25
3F,1,Undiluted,6,20/11/2019,16,26
3G,1,Undiluted,7,20/11/2019,16,27
3H,1,Undiluted,8,20/11/2019,16,28
3I,1,Undiluted,9,20/11/2019,16,29
3J,2,Undiluted,10,20/11/2019,16,30
4A,1,2X Diluted,1,20/11/2019,16,31
4B,1,2X Diluted,2,20/11/2019,16,32
4C,1,2X Diluted,3,20/11/2019,16,33
4D,5,2X Diluted,4,20/11/2019,16,34
4E,1,2X Diluted,5,20/11/2019,16,35
4F,1,2X Diluted,6,20/11/2019,16,36
4G,1,2X Diluted,7,20/11/2019,16,37
4H,1,2X Diluted,8,20/11/2019,16,38
4I,1,2X Diluted,9,20/11/2019,16,39
4J,2,2X Diluted,10,20/11/2019,16,40
1A,3,Control,1,21/11/2019,17,1
1B,2,Control,2,21/11/2019,17,2
1C,5,Control,3,21/11/2019,17,3
1D,8,Control,4,21/11/2019,17,4
1E,3,Control,5,21/11/2019,17,5
1F,10,Control,6,21/11/2019,17,6
1G,2,Control,7,21/11/2019,17,7
1H,2,Control,8,21/11/2019,17,8
1I,1,Control,9,21/11/2019,17,9
1J,7,Control,10,21/11/2019,17,10
2A,0,Sterile,1,21/11/2019,17,11
2B,1,Sterile,2,21/11/2019,17,12
2C,0,Sterile,3,21/11/2019,17,13
2D,1,Sterile,4,21/11/2019,17,14
2E,0,Sterile,5,21/11/2019,17,15
2F,0,Sterile,6,21/11/2019,17,16
2G,0,Sterile,7,21/11/2019,17,17
2H,0,Sterile,8,21/11/2019,17,18
2I,NA,Sterile,9,21/11/2019,17,19
2J,0,Sterile,10,21/11/2019,17,20
3A,NA,Undiluted,1,21/11/2019,17,21
3B,0,Undiluted,2,21/11/2019,17,22
3C,0,Undiluted,3,21/11/2019,17,23
3D,0,Undiluted,4,21/11/2019,17,24
3E,0,Undiluted,5,21/11/2019,17,25
3F,0,Undiluted,6,21/11/2019,17,26
3G,0,Undiluted,7,21/11/2019,17,27
3H,0,Undiluted,8,21/11/2019,17,28
3I,0,Undiluted,9,21/11/2019,17,29
3J,0,Undiluted,10,21/11/2019,17,30
4A,0,2X Diluted,1,21/11/2019,17,31
4B,0,2X Diluted,2,21/11/2019,17,32
4C,0,2X Diluted,3,21/11/2019,17,33
4D,0,2X Diluted,4,21/11/2019,17,34
4E,2,2X Diluted,5,21/11/2019,17,35
4F,0,2X Diluted,6,21/11/2019,17,36
4G,0,2X Diluted,7,21/11/2019,17,37
4H,0,2X Diluted,8,21/11/2019,17,38
4I,0,2X Diluted,9,21/11/2019,17,39
4J,0,2X Diluted,10,21/11/2019,17,40
1A,2,Control,1,22/11/2019,18,1
1B,2,Control,2,22/11/2019,18,2
1C,7,Control,3,22/11/2019,18,3
1D,8,Control,4,22/11/2019,18,4
1E,2,Control,5,22/11/2019,18,5
1F,6,Control,6,22/11/2019,18,6
1G,1,Control,7,22/11/2019,18,7
1H,2,Control,8,22/11/2019,18,8
1I,1,Control,9,22/11/2019,18,9
1J,8,Control,10,22/11/2019,18,10
2A,0,Sterile,1,22/11/2019,18,11
2B,0,Sterile,2,22/11/2019,18,12
2C,0,Sterile,3,22/11/2019,18,13
2D,1,Sterile,4,22/11/2019,18,14
2E,0,Sterile,5,22/11/2019,18,15
2F,0,Sterile,6,22/11/2019,18,16
2G,0,Sterile,7,22/11/2019,18,17
2H,0,Sterile,8,22/11/2019,18,18
2I,NA,Sterile,9,22/11/2019,18,19
2J,0,Sterile,10,22/11/2019,18,20
3A,NA,Undiluted,1,22/11/2019,18,21
3B,0,Undiluted,2,22/11/2019,18,22
3C,0,Undiluted,3,22/11/2019,18,23
3D,0,Undiluted,4,22/11/2019,18,24
3E,0,Undiluted,5,22/11/2019,18,25
3F,0,Undiluted,6,22/11/2019,18,26
3G,0,Undiluted,7,22/11/2019,18,27
3H,0,Undiluted,8,22/11/2019,18,28
3I,0,Undiluted,9,22/11/2019,18,29
3J,0,Undiluted,10,22/11/2019,18,30
4A,0,2X Diluted,1,22/11/2019,18,31
4B,0,2X Diluted,2,22/11/2019,18,32
4C,1,2X Diluted,3,22/11/2019,18,33
4D,1,2X Diluted,4,22/11/2019,18,34
4E,1,2X Diluted,5,22/11/2019,18,35
4F,0,2X Diluted,6,22/11/2019,18,36
4G,0,2X Diluted,7,22/11/2019,18,37
4H,0,2X Diluted,8,22/11/2019,18,38
4I,0,2X Diluted,9,22/11/2019,18,39
4J,0,2X Diluted,10,22/11/2019,18,40
1A,4,Control,1,23/11/2019,19,1
1B,5,Control,2,23/11/2019,19,2
1C,8,Control,3,23/11/2019,19,3
1D,9,Control,4,23/11/2019,19,4
1E,10,Control,5,23/11/2019,19,5
1F,8,Control,6,23/11/2019,19,6
1G,6,Control,7,23/11/2019,19,7
1H,5,Control,8,23/11/2019,19,8
1I,4,Control,9,23/11/2019,19,9
1J,9,Control,10,23/11/2019,19,10
2A,1,Sterile,1,23/11/2019,19,11
2B,0,Sterile,2,23/11/2019,19,12
2C,0,Sterile,3,23/11/2019,19,13
2D,0,Sterile,4,23/11/2019,19,14
2E,1,Sterile,5,23/11/2019,19,15
2F,0,Sterile,6,23/11/2019,19,16
2G,0,Sterile,7,23/11/2019,19,17
2H,0,Sterile,8,23/11/2019,19,18
2I,NA,Sterile,9,23/11/2019,19,19
2J,0,Sterile,10,23/11/2019,19,20
3A,NA,Undiluted,1,23/11/2019,19,21
3B,0,Undiluted,2,23/11/2019,19,22
3C,0,Undiluted,3,23/11/2019,19,23
3D,0,Undiluted,4,23/11/2019,19,24
3E,0,Undiluted,5,23/11/2019,19,25
3F,0,Undiluted,6,23/11/2019,19,26
3G,0,Undiluted,7,23/11/2019,19,27
3H,0,Undiluted,8,23/11/2019,19,28
3I,1,Undiluted,9,23/11/2019,19,29
3J,0,Undiluted,10,23/11/2019,19,30
4A,1,2X Diluted,1,23/11/2019,19,31
4B,1,2X Diluted,2,23/11/2019,19,32
4C,0,2X Diluted,3,23/11/2019,19,33
4D,0,2X Diluted,4,23/11/2019,19,34
4E,0,2X Diluted,5,23/11/2019,19,35
4F,0,2X Diluted,6,23/11/2019,19,36
4G,0,2X Diluted,7,23/11/2019,19,37
4H,0,2X Diluted,8,23/11/2019,19,38
4I,0,2X Diluted,9,23/11/2019,19,39
4J,0,2X Diluted,10,23/11/2019,19,40
1A,7,Control,1,24/11/2019,20,1
1B,8,Control,2,24/11/2019,20,2
1C,9,Control,3,24/11/2019,20,3
1D,11,Control,4,24/11/2019,20,4
1E,8,Control,5,24/11/2019,20,5
1F,9,Control,6,24/11/2019,20,6
1G,7,Control,7,24/11/2019,20,7
1H,6,Control,8,24/11/2019,20,8
1I,5,Control,9,24/11/2019,20,9
1J,11,Control,10,24/11/2019,20,10
2A,0,Sterile,1,24/11/2019,20,11
2B,1,Sterile,2,24/11/2019,20,12
2C,0,Sterile,3,24/11/2019,20,13
2D,0,Sterile,4,24/11/2019,20,14
2E,1,Sterile,5,24/11/2019,20,15
2F,0,Sterile,6,24/11/2019,20,16
2G,0,Sterile,7,24/11/2019,20,17
2H,1,Sterile,8,24/11/2019,20,18
2I,NA,Sterile,9,24/11/2019,20,19
2J,0,Sterile,10,24/11/2019,20,20
3A,NA,Undiluted,1,24/11/2019,20,21
3B,0,Undiluted,2,24/11/2019,20,22
3C,0,Undiluted,3,24/11/2019,20,23
3D,0,Undiluted,4,24/11/2019,20,24
3E,0,Undiluted,5,24/11/2019,20,25
3F,0,Undiluted,6,24/11/2019,20,26
3G,0,Undiluted,7,24/11/2019,20,27
3H,0,Undiluted,8,24/11/2019,20,28
3I,0,Undiluted,9,24/11/2019,20,29
3J,0,Undiluted,10,24/11/2019,20,30
4A,0,2X Diluted,1,24/11/2019,20,31
4B,1,2X Diluted,2,24/11/2019,20,32
4C,0,2X Diluted,3,24/11/2019,20,33
4D,0,2X Diluted,4,24/11/2019,20,34
4E,0,2X Diluted,5,24/11/2019,20,35
4F,0,2X Diluted,6,24/11/2019,20,36
4G,0,2X Diluted,7,24/11/2019,20,37
4H,0,2X Diluted,8,24/11/2019,20,38
4I,0,2X Diluted,9,24/11/2019,20,39
4J,0,2X Diluted,10,24/11/2019,20,40
1A,5,Control,1,25/11/2019,21,1
1B,4,Control,2,25/11/2019,21,2
1C,3,Control,3,25/11/2019,21,3
1D,7,Control,4,25/11/2019,21,4
1E,5,Control,5,25/11/2019,21,5
1F,11,Control,6,25/11/2019,21,6
1G,8,Control,7,25/11/2019,21,7
1H,7,Control,8,25/11/2019,21,8
1I,4,Control,9,25/11/2019,21,9
1J,8,Control,10,25/11/2019,21,10
2A,2,Sterile,1,25/11/2019,21,11
2B,0,Sterile,2,25/11/2019,21,12
2C,0,Sterile,3,25/11/2019,21,13
2D,0,Sterile,4,25/11/2019,21,14
2E,1,Sterile,5,25/11/2019,21,15
2F,0,Sterile,6,25/11/2019,21,16
2G,0,Sterile,7,25/11/2019,21,17
2H,1,Sterile,8,25/11/2019,21,18
2I,NA,Sterile,9,25/11/2019,21,19
2J,0,Sterile,10,25/11/2019,21,20
3A,NA,Undiluted,1,25/11/2019,21,21
3B,0,Undiluted,2,25/11/2019,21,22
3C,0,Undiluted,3,25/11/2019,21,23
3D,0,Undiluted,4,25/11/2019,21,24
3E,0,Undiluted,5,25/11/2019,21,25
3F,0,Undiluted,6,25/11/2019,21,26
3G,0,Undiluted,7,25/11/2019,21,27
3H,0,Undiluted,8,25/11/2019,21,28
3I,1,Undiluted,9,25/11/2019,21,29
3J,0,Undiluted,10,25/11/2019,21,30
4A,1,2X Diluted,1,25/11/2019,21,31
4B,0,2X Diluted,2,25/11/2019,21,32
4C,0,2X Diluted,3,25/11/2019,21,33
4D,0,2X Diluted,4,25/11/2019,21,34
4E,0,2X Diluted,5,25/11/2019,21,35
4F,0,2X Diluted,6,25/11/2019,21,36
4G,0,2X Diluted,7,25/11/2019,21,37
4H,0,2X Diluted,8,25/11/2019,21,38
4I,0,2X Diluted,9,25/11/2019,21,39
4J,0,2X Diluted,10,25/11/2019,21,40
1A,4,Control,1,26/11/2019,22,1
1B,6,Control,2,26/11/2019,22,2
1C,3,Control,3,26/11/2019,22,3
1D,2,Control,4,26/11/2019,22,4
1E,3,Control,5,26/11/2019,22,5
1F,7,Control,6,26/11/2019,22,6
1G,2,Control,7,26/11/2019,22,7
1H,3,Control,8,26/11/2019,22,8
1I,2,Control,9,26/11/2019,22,9
1J,7,Control,10,26/11/2019,22,10
2A,0,Sterile,1,26/11/2019,22,11
2B,1,Sterile,2,26/11/2019,22,12
2C,0,Sterile,3,26/11/2019,22,13
2D,2,Sterile,4,26/11/2019,22,14
2E,1,Sterile,5,26/11/2019,22,15
2F,0,Sterile,6,26/11/2019,22,16
2G,2,Sterile,7,26/11/2019,22,17
2H,1,Sterile,8,26/11/2019,22,18
2I,NA,Sterile,9,26/11/2019,22,19
2J,0,Sterile,10,26/11/2019,22,20
3A,NA,Undiluted,1,26/11/2019,22,21
3B,0,Undiluted,2,26/11/2019,22,22
3C,0,Undiluted,3,26/11/2019,22,23
3D,0,Undiluted,4,26/11/2019,22,24
3E,0,Undiluted,5,26/11/2019,22,25
3F,1,Undiluted,6,26/11/2019,22,26
3G,0,Undiluted,7,26/11/2019,22,27
3H,0,Undiluted,8,26/11/2019,22,28
3I,1,Undiluted,9,26/11/2019,22,29
3J,1,Undiluted,10,26/11/2019,22,30
4A,2,2X Diluted,1,26/11/2019,22,31
4B,2,2X Diluted,2,26/11/2019,22,32
4C,1,2X Diluted,3,26/11/2019,22,33
4D,0,2X Diluted,4,26/11/2019,22,34
4E,1,2X Diluted,5,26/11/2019,22,35
4F,0,2X Diluted,6,26/11/2019,22,36
4G,0,2X Diluted,7,26/11/2019,22,37
4H,0,2X Diluted,8,26/11/2019,22,38
4I,0,2X Diluted,9,26/11/2019,22,39
4J,0,2X Diluted,10,26/11/2019,22,40
1A,5,Control,1,27/11/2019,23,1
1B,3,Control,2,27/11/2019,23,2
1C,3,Control,3,27/11/2019,23,3
1D,5,Control,4,27/11/2019,23,4
1E,2,Control,5,27/11/2019,23,5
1F,5,Control,6,27/11/2019,23,6
1G,3,Control,7,27/11/2019,23,7
1H,2,Control,8,27/11/2019,23,8
1I,3,Control,9,27/11/2019,23,9
1J,6,Control,10,27/11/2019,23,10
2A,2,Sterile,1,27/11/2019,23,11
2B,1,Sterile,2,27/11/2019,23,12
2C,0,Sterile,3,27/11/2019,23,13
2D,1,Sterile,4,27/11/2019,23,14
2E,1,Sterile,5,27/11/2019,23,15
2F,0,Sterile,6,27/11/2019,23,16
2G,1,Sterile,7,27/11/2019,23,17
2H,1,Sterile,8,27/11/2019,23,18
2I,NA,Sterile,9,27/11/2019,23,19
2J,0,Sterile,10,27/11/2019,23,20
3A,NA,Undiluted,1,27/11/2019,23,21
3B,0,Undiluted,2,27/11/2019,23,22
3C,1,Undiluted,3,27/11/2019,23,23
3D,1,Undiluted,4,27/11/2019,23,24
3E,0,Undiluted,5,27/11/2019,23,25
3F,0,Undiluted,6,27/11/2019,23,26
3G,0,Undiluted,7,27/11/2019,23,27
3H,0,Undiluted,8,27/11/2019,23,28
3I,1,Undiluted,9,27/11/2019,23,29
3J,1,Undiluted,10,27/11/2019,23,30
4A,1,2X Diluted,1,27/11/2019,23,31
4B,1,2X Diluted,2,27/11/2019,23,32
4C,1,2X Diluted,3,27/11/2019,23,33
4D,1,2X Diluted,4,27/11/2019,23,34
4E,0,2X Diluted,5,27/11/2019,23,35
4F,0,2X Diluted,6,27/11/2019,23,36
4G,0,2X Diluted,7,27/11/2019,23,37
4H,0,2X Diluted,8,27/11/2019,23,38
4I,0,2X Diluted,9,27/11/2019,23,39
4J,1,2X Diluted,10,27/11/2019,23,40
1A,3,Control,1,28/11/2019,24,1
1B,4,Control,2,28/11/2019,24,2
1C,4,Control,3,28/11/2019,24,3
1D,6,Control,4,28/11/2019,24,4
1E,5,Control,5,28/11/2019,24,5
1F,6,Control,6,28/11/2019,24,6
1G,5,Control,7,28/11/2019,24,7
1H,3,Control,8,28/11/2019,24,8
1I,2,Control,9,28/11/2019,24,9
1J,4,Control,10,28/11/2019,24,10
2A,0,Sterile,1,28/11/2019,24,11
2B,1,Sterile,2,28/11/2019,24,12
2C,0,Sterile,3,28/11/2019,24,13
2D,2,Sterile,4,28/11/2019,24,14
2E,0,Sterile,5,28/11/2019,24,15
2F,0,Sterile,6,28/11/2019,24,16
2G,0,Sterile,7,28/11/2019,24,17
2H,0,Sterile,8,28/11/2019,24,18
2I,NA,Sterile,9,28/11/2019,24,19
2J,0,Sterile,10,28/11/2019,24,20
3A,NA,Undiluted,1,28/11/2019,24,21
3B,0,Undiluted,2,28/11/2019,24,22
3C,0,Undiluted,3,28/11/2019,24,23
3D,0,Undiluted,4,28/11/2019,24,24
3E,0,Undiluted,5,28/11/2019,24,25
3F,0,Undiluted,6,28/11/2019,24,26
3G,0,Undiluted,7,28/11/2019,24,27
3H,1,Undiluted,8,28/11/2019,24,28
3I,0,Undiluted,9,28/11/2019,24,29
3J,0,Undiluted,10,28/11/2019,24,30
4A,0,2X Diluted,1,28/11/2019,24,31
4B,0,2X Diluted,2,28/11/2019,24,32
4C,1,2X Diluted,3,28/11/2019,24,33
4D,0,2X Diluted,4,28/11/2019,24,34
4E,0,2X Diluted,5,28/11/2019,24,35
4F,1,2X Diluted,6,28/11/2019,24,36
4G,0,2X Diluted,7,28/11/2019,24,37
4H,0,2X Diluted,8,28/11/2019,24,38
4I,0,2X Diluted,9,28/11/2019,24,39
4J,0,2X Diluted,10,28/11/2019,24,40
1A,5,Control,1,29/11/2019,25,1
1B,3,Control,2,29/11/2019,25,2
1C,6,Control,3,29/11/2019,25,3
1D,11,Control,4,29/11/2019,25,4
1E,3,Control,5,29/11/2019,25,5
1F,17,Control,6,29/11/2019,25,6
1G,13,Control,7,29/11/2019,25,7
1H,4,Control,8,29/11/2019,25,8
1I,5,Control,9,29/11/2019,25,9
1J,13,Control,10,29/11/2019,25,10
2A,0,Sterile,1,29/11/2019,25,11
2B,1,Sterile,2,29/11/2019,25,12
2C,0,Sterile,3,29/11/2019,25,13
2D,2,Sterile,4,29/11/2019,25,14
2E,0,Sterile,5,29/11/2019,25,15
2F,1,Sterile,6,29/11/2019,25,16
2G,0,Sterile,7,29/11/2019,25,17
2H,0,Sterile,8,29/11/2019,25,18
2I,NA,Sterile,9,29/11/2019,25,19
2J,0,Sterile,10,29/11/2019,25,20
3A,NA,Undiluted,1,29/11/2019,25,21
3B,0,Undiluted,2,29/11/2019,25,22
3C,0,Undiluted,3,29/11/2019,25,23
3D,0,Undiluted,4,29/11/2019,25,24
3E,0,Undiluted,5,29/11/2019,25,25
3F,0,Undiluted,6,29/11/2019,25,26
3G,0,Undiluted,7,29/11/2019,25,27
3H,0,Undiluted,8,29/11/2019,25,28
3I,1,Undiluted,9,29/11/2019,25,29
3J,1,Undiluted,10,29/11/2019,25,30
4A,2,2X Diluted,1,29/11/2019,25,31
4B,0,2X Diluted,2,29/11/2019,25,32
4C,1,2X Diluted,3,29/11/2019,25,33
4D,2,2X Diluted,4,29/11/2019,25,34
4E,0,2X Diluted,5,29/11/2019,25,35
4F,0,2X Diluted,6,29/11/2019,25,36
4G,0,2X Diluted,7,29/11/2019,25,37
4H,0,2X Diluted,8,29/11/2019,25,38
4I,0,2X Diluted,9,29/11/2019,25,39
4J,0,2X Diluted,10,29/11/2019,25,40
1A,6,Control,1,30/11/2019,26,1
1B,5,Control,2,30/11/2019,26,2
1C,4,Control,3,30/11/2019,26,3
1D,6,Control,4,30/11/2019,26,4
1E,4,Control,5,30/11/2019,26,5
1F,10,Control,6,30/11/2019,26,6
1G,10,Control,7,30/11/2019,26,7
1H,6,Control,8,30/11/2019,26,8
1I,4,Control,9,30/11/2019,26,9
1J,8,Control,10,30/11/2019,26,10
2A,1,Sterile,1,30/11/2019,26,11
2B,1,Sterile,2,30/11/2019,26,12
2C,0,Sterile,3,30/11/2019,26,13
2D,1,Sterile,4,30/11/2019,26,14
2E,0,Sterile,5,30/11/2019,26,15
2F,0,Sterile,6,30/11/2019,26,16
2G,0,Sterile,7,30/11/2019,26,17
2H,0,Sterile,8,30/11/2019,26,18
2I,NA,Sterile,9,30/11/2019,26,19
2J,0,Sterile,10,30/11/2019,26,20
3A,NA,Undiluted,1,30/11/2019,26,21
3B,0,Undiluted,2,30/11/2019,26,22
3C,0,Undiluted,3,30/11/2019,26,23
3D,1,Undiluted,4,30/11/2019,26,24
3E,0,Undiluted,5,30/11/2019,26,25
3F,0,Undiluted,6,30/11/2019,26,26
3G,0,Undiluted,7,30/11/2019,26,27
3H,0,Undiluted,8,30/11/2019,26,28
3I,0,Undiluted,9,30/11/2019,26,29
3J,0,Undiluted,10,30/11/2019,26,30
4A,1,2X Diluted,1,30/11/2019,26,31
4B,0,2X Diluted,2,30/11/2019,26,32
4C,0,2X Diluted,3,30/11/2019,26,33
4D,1,2X Diluted,4,30/11/2019,26,34
4E,0,2X Diluted,5,30/11/2019,26,35
4F,0,2X Diluted,6,30/11/2019,26,36
4G,1,2X Diluted,7,30/11/2019,26,37
4H,0,2X Diluted,8,30/11/2019,26,38
4I,0,2X Diluted,9,30/11/2019,26,39
4J,0,2X Diluted,10,30/11/2019,26,40
1A,7,Control,1,01/12/2019,27,1
1B,4,Control,2,01/12/2019,27,2
1C,5,Control,3,01/12/2019,27,3
1D,8,Control,4,01/12/2019,27,4
1E,4,Control,5,01/12/2019,27,5
1F,13,Control,6,01/12/2019,27,6
1G,5,Control,7,01/12/2019,27,7
1H,3,Control,8,01/12/2019,27,8
1I,3,Control,9,01/12/2019,27,9
1J,10,Control,10,01/12/2019,27,10
2A,0,Sterile,1,01/12/2019,27,11
2B,1,Sterile,2,01/12/2019,27,12
2C,1,Sterile,3,01/12/2019,27,13
2D,1,Sterile,4,01/12/2019,27,14
2E,0,Sterile,5,01/12/2019,27,15
2F,0,Sterile,6,01/12/2019,27,16
2G,0,Sterile,7,01/12/2019,27,17
2H,1,Sterile,8,01/12/2019,27,18
2I,NA,Sterile,9,01/12/2019,27,19
2J,0,Sterile,10,01/12/2019,27,20
3A,NA,Undiluted,1,01/12/2019,27,21
3B,0,Undiluted,2,01/12/2019,27,22
3C,0,Undiluted,3,01/12/2019,27,23
3D,0,Undiluted,4,01/12/2019,27,24
3E,0,Undiluted,5,01/12/2019,27,25
3F,1,Undiluted,6,01/12/2019,27,26
3G,0,Undiluted,7,01/12/2019,27,27
3H,0,Undiluted,8,01/12/2019,27,28
3I,1,Undiluted,9,01/12/2019,27,29
3J,0,Undiluted,10,01/12/2019,27,30
4A,1,2X Diluted,1,01/12/2019,27,31
4B,0,2X Diluted,2,01/12/2019,27,32
4C,0,2X Diluted,3,01/12/2019,27,33
4D,0,2X Diluted,4,01/12/2019,27,34
4E,0,2X Diluted,5,01/12/2019,27,35
4F,0,2X Diluted,6,01/12/2019,27,36
4G,0,2X Diluted,7,01/12/2019,27,37
4H,0,2X Diluted,8,01/12/2019,27,38
4I,0,2X Diluted,9,01/12/2019,27,39
4J,0,2X Diluted,10,01/12/2019,27,40
1A,4,Control,1,02/12/2019,28,1
1B,2,Control,2,02/12/2019,28,2
1C,4,Control,3,02/12/2019,28,3
1D,5,Control,4,02/12/2019,28,4
1E,2,Control,5,02/12/2019,28,5
1F,5,Control,6,02/12/2019,28,6
1G,2,Control,7,02/12/2019,28,7
1H,1,Control,8,02/12/2019,28,8
1I,2,Control,9,02/12/2019,28,9
1J,4,Control,10,02/12/2019,28,10
2A,1,Sterile,1,02/12/2019,28,11
2B,1,Sterile,2,02/12/2019,28,12
2C,1,Sterile,3,02/12/2019,28,13
2D,1,Sterile,4,02/12/2019,28,14
2E,1,Sterile,5,02/12/2019,28,15
2F,1,Sterile,6,02/12/2019,28,16
2G,2,Sterile,7,02/12/2019,28,17
2H,0,Sterile,8,02/12/2019,28,18
2I,NA,Sterile,9,02/12/2019,28,19
2J,0,Sterile,10,02/12/2019,28,20
3A,NA,Undiluted,1,02/12/2019,28,21
3B,0,Undiluted,2,02/12/2019,28,22
3C,2,Undiluted,3,02/12/2019,28,23
3D,0,Undiluted,4,02/12/2019,28,24
3E,1,Undiluted,5,02/12/2019,28,25
3F,0,Undiluted,6,02/12/2019,28,26
3G,0,Undiluted,7,02/12/2019,28,27
3H,0,Undiluted,8,02/12/2019,28,28
3I,0,Undiluted,9,02/12/2019,28,29
3J,0,Undiluted,10,02/12/2019,28,30
4A,2,2X Diluted,1,02/12/2019,28,31
4B,0,2X Diluted,2,02/12/2019,28,32
4C,9,2X Diluted,3,02/12/2019,28,33
4D,2,2X Diluted,4,02/12/2019,28,34
4E,1,2X Diluted,5,02/12/2019,28,35
4F,0,2X Diluted,6,02/12/2019,28,36
4G,0,2X Diluted,7,02/12/2019,28,37
4H,0,2X Diluted,8,02/12/2019,28,38
4I,0,2X Diluted,9,02/12/2019,28,39
4J,1,2X Diluted,10,02/12/2019,28,40
1A,4,Control,1,03/12/2019,29,1
1B,2,Control,2,03/12/2019,29,2
1C,3,Control,3,03/12/2019,29,3
1D,2,Control,4,03/12/2019,29,4
1E,3,Control,5,03/12/2019,29,5
1F,10,Control,6,03/12/2019,29,6
1G,2,Control,7,03/12/2019,29,7
1H,2,Control,8,03/12/2019,29,8
1I,2,Control,9,03/12/2019,29,9
1J,3,Control,10,03/12/2019,29,10
2A,1,Sterile,1,03/12/2019,29,11
2B,1,Sterile,2,03/12/2019,29,12
2C,0,Sterile,3,03/12/2019,29,13
2D,1,Sterile,4,03/12/2019,29,14
2E,0,Sterile,5,03/12/2019,29,15
2F,0,Sterile,6,03/12/2019,29,16
2G,0,Sterile,7,03/12/2019,29,17
2H,0,Sterile,8,03/12/2019,29,18
2I,NA,Sterile,9,03/12/2019,29,19
2J,0,Sterile,10,03/12/2019,29,20
3A,NA,Undiluted,1,03/12/2019,29,21
3B,0,Undiluted,2,03/12/2019,29,22
3C,1,Undiluted,3,03/12/2019,29,23
3D,0,Undiluted,4,03/12/2019,29,24
3E,2,Undiluted,5,03/12/2019,29,25
3F,1,Undiluted,6,03/12/2019,29,26
3G,0,Undiluted,7,03/12/2019,29,27
3H,0,Undiluted,8,03/12/2019,29,28
3I,0,Undiluted,9,03/12/2019,29,29
3J,0,Undiluted,10,03/12/2019,29,30
4A,2,2X Diluted,1,03/12/2019,29,31
4B,4,2X Diluted,2,03/12/2019,29,32
4C,2,2X Diluted,3,03/12/2019,29,33
4D,0,2X Diluted,4,03/12/2019,29,34
4E,1,2X Diluted,5,03/12/2019,29,35
4F,0,2X Diluted,6,03/12/2019,29,36
4G,0,2X Diluted,7,03/12/2019,29,37
4H,0,2X Diluted,8,03/12/2019,29,38
4I,0,2X Diluted,9,03/12/2019,29,39
4J,1,2X Diluted,10,03/12/2019,29,40
1A,2,Control,1,04/12/2019,30,1
1B,3,Control,2,04/12/2019,30,2
1C,5,Control,3,04/12/2019,30,3
1D,6,Control,4,04/12/2019,30,4
1E,2,Control,5,04/12/2019,30,5
1F,6,Control,6,04/12/2019,30,6
1G,3,Control,7,04/12/2019,30,7
1H,1,Control,8,04/12/2019,30,8
1I,2,Control,9,04/12/2019,30,9
1J,4,Control,10,04/12/2019,30,10
2A,1,Sterile,1,04/12/2019,30,11
2B,1,Sterile,2,04/12/2019,30,12
2C,1,Sterile,3,04/12/2019,30,13
2D,1,Sterile,4,04/12/2019,30,14
2E,1,Sterile,5,04/12/2019,30,15
2F,1,Sterile,6,04/12/2019,30,16
2G,0,Sterile,7,04/12/2019,30,17
2H,2,Sterile,8,04/12/2019,30,18
2I,NA,Sterile,9,04/12/2019,30,19
2J,0,Sterile,10,04/12/2019,30,20
3A,NA,Undiluted,1,04/12/2019,30,21
3B,0,Undiluted,2,04/12/2019,30,22
3C,1,Undiluted,3,04/12/2019,30,23
3D,0,Undiluted,4,04/12/2019,30,24
3E,1,Undiluted,5,04/12/2019,30,25
3F,1,Undiluted,6,04/12/2019,30,26
3G,0,Undiluted,7,04/12/2019,30,27
3H,2,Undiluted,8,04/12/2019,30,28
3I,0,Undiluted,9,04/12/2019,30,29
3J,0,Undiluted,10,04/12/2019,30,30
4A,1,2X Diluted,1,04/12/2019,30,31
4B,1,2X Diluted,2,04/12/2019,30,32
4C,1,2X Diluted,3,04/12/2019,30,33
4D,1,2X Diluted,4,04/12/2019,30,34
4E,1,2X Diluted,5,04/12/2019,30,35
4F,0,2X Diluted,6,04/12/2019,30,36
4G,0,2X Diluted,7,04/12/2019,30,37
4H,0,2X Diluted,8,04/12/2019,30,38
4I,0,2X Diluted,9,04/12/2019,30,39
4J,1,2X Diluted,10,04/12/2019,30,40
1A,5,Control,1,05/12/2019,31,1
1B,4,Control,2,05/12/2019,31,2
1C,8,Control,3,05/12/2019,31,3
1D,2,Control,4,05/12/2019,31,4
1E,4,Control,5,05/12/2019,31,5
1F,4,Control,6,05/12/2019,31,6
1G,2,Control,7,05/12/2019,31,7
1H,4,Control,8,05/12/2019,31,8
1I,5,Control,9,05/12/2019,31,9
1J,7,Control,10,05/12/2019,31,10
2A,0,Sterile,1,05/12/2019,31,11
2B,0,Sterile,2,05/12/2019,31,12
2C,0,Sterile,3,05/12/2019,31,13
2D,1,Sterile,4,05/12/2019,31,14
2E,0,Sterile,5,05/12/2019,31,15
2F,0,Sterile,6,05/12/2019,31,16
2G,1,Sterile,7,05/12/2019,31,17
2H,1,Sterile,8,05/12/2019,31,18
2I,NA,Sterile,9,05/12/2019,31,19
2J,0,Sterile,10,05/12/2019,31,20
3A,NA,Undiluted,1,05/12/2019,31,21
3B,0,Undiluted,2,05/12/2019,31,22
3C,0,Undiluted,3,05/12/2019,31,23
3D,0,Undiluted,4,05/12/2019,31,24
3E,0,Undiluted,5,05/12/2019,31,25
3F,0,Undiluted,6,05/12/2019,31,26
3G,0,Undiluted,7,05/12/2019,31,27
3H,0,Undiluted,8,05/12/2019,31,28
3I,0,Undiluted,9,05/12/2019,31,29
3J,0,Undiluted,10,05/12/2019,31,30
4A,0,2X Diluted,1,05/12/2019,31,31
4B,1,2X Diluted,2,05/12/2019,31,32
4C,0,2X Diluted,3,05/12/2019,31,33
4D,0,2X Diluted,4,05/12/2019,31,34
4E,0,2X Diluted,5,05/12/2019,31,35
4F,0,2X Diluted,6,05/12/2019,31,36
4G,0,2X Diluted,7,05/12/2019,31,37
4H,1,2X Diluted,8,05/12/2019,31,38
4I,0,2X Diluted,9,05/12/2019,31,39
4J,0,2X Diluted,10,05/12/2019,31,40
1A,7,Control,1,06/12/2019,32,1
1B,3,Control,2,06/12/2019,32,2
1C,7,Control,3,06/12/2019,32,3
1D,3,Control,4,06/12/2019,32,4
1E,2,Control,5,06/12/2019,32,5
1F,5,Control,6,06/12/2019,32,6
1G,4,Control,7,06/12/2019,32,7
1H,2,Control,8,06/12/2019,32,8
1I,2,Control,9,06/12/2019,32,9
1J,5,Control,10,06/12/2019,32,10
2A,0,Sterile,1,06/12/2019,32,11
2B,2,Sterile,2,06/12/2019,32,12
2C,0,Sterile,3,06/12/2019,32,13
2D,0,Sterile,4,06/12/2019,32,14
2E,0,Sterile,5,06/12/2019,32,15
2F,0,Sterile,6,06/12/2019,32,16
2G,0,Sterile,7,06/12/2019,32,17
2H,0,Sterile,8,06/12/2019,32,18
2I,NA,Sterile,9,06/12/2019,32,19
2J,0,Sterile,10,06/12/2019,32,20
3A,NA,Undiluted,1,06/12/2019,32,21
3B,0,Undiluted,2,06/12/2019,32,22
3C,0,Undiluted,3,06/12/2019,32,23
3D,0,Undiluted,4,06/12/2019,32,24
3E,0,Undiluted,5,06/12/2019,32,25
3F,0,Undiluted,6,06/12/2019,32,26
3G,0,Undiluted,7,06/12/2019,32,27
3H,0,Undiluted,8,06/12/2019,32,28
3I,0,Undiluted,9,06/12/2019,32,29
3J,0,Undiluted,10,06/12/2019,32,30
4A,4,2X Diluted,1,06/12/2019,32,31
4B,2,2X Diluted,2,06/12/2019,32,32
4C,2,2X Diluted,3,06/12/2019,32,33
4D,1,2X Diluted,4,06/12/2019,32,34
4E,0,2X Diluted,5,06/12/2019,32,35
4F,0,2X Diluted,6,06/12/2019,32,36
4G,0,2X Diluted,7,06/12/2019,32,37
4H,0,2X Diluted,8,06/12/2019,32,38
4I,1,2X Diluted,9,06/12/2019,32,39
4J,1,2X Diluted,10,06/12/2019,32,40
1A,5,Control,1,07/12/2019,33,1
1B,6,Control,2,07/12/2019,33,2
1C,4,Control,3,07/12/2019,33,3
1D,5,Control,4,07/12/2019,33,4
1E,1,Control,5,07/12/2019,33,5
1F,2,Control,6,07/12/2019,33,6
1G,1,Control,7,07/12/2019,33,7
1H,0,Control,8,07/12/2019,33,8
1I,1,Control,9,07/12/2019,33,9
1J,1,Control,10,07/12/2019,33,10
2A,0,Sterile,1,07/12/2019,33,11
2B,1,Sterile,2,07/12/2019,33,12
2C,0,Sterile,3,07/12/2019,33,13
2D,2,Sterile,4,07/12/2019,33,14
2E,0,Sterile,5,07/12/2019,33,15
2F,0,Sterile,6,07/12/2019,33,16
2G,1,Sterile,7,07/12/2019,33,17
2H,1,Sterile,8,07/12/2019,33,18
2I,NA,Sterile,9,07/12/2019,33,19
2J,0,Sterile,10,07/12/2019,33,20
3A,NA,Undiluted,1,07/12/2019,33,21
3B,0,Undiluted,2,07/12/2019,33,22
3C,0,Undiluted,3,07/12/2019,33,23
3D,0,Undiluted,4,07/12/2019,33,24
3E,0,Undiluted,5,07/12/2019,33,25
3F,0,Undiluted,6,07/12/2019,33,26
3G,0,Undiluted,7,07/12/2019,33,27
3H,0,Undiluted,8,07/12/2019,33,28
3I,0,Undiluted,9,07/12/2019,33,29
3J,0,Undiluted,10,07/12/2019,33,30
4A,4,2X Diluted,1,07/12/2019,33,31
4B,0,2X Diluted,2,07/12/2019,33,32
4C,1,2X Diluted,3,07/12/2019,33,33
4D,0,2X Diluted,4,07/12/2019,33,34
4E,0,2X Diluted,5,07/12/2019,33,35
4F,0,2X Diluted,6,07/12/2019,33,36
4G,0,2X Diluted,7,07/12/2019,33,37
4H,0,2X Diluted,8,07/12/2019,33,38
4I,0,2X Diluted,9,07/12/2019,33,39
4J,0,2X Diluted,10,07/12/2019,33,40
1A,6,Control,1,08/12/2019,34,1
1B,4,Control,2,08/12/2019,34,2
1C,6,Control,3,08/12/2019,34,3
1D,6,Control,4,08/12/2019,34,4
1E,1,Control,5,08/12/2019,34,5
1F,2,Control,6,08/12/2019,34,6
1G,1,Control,7,08/12/2019,34,7
1H,0,Control,8,08/12/2019,34,8
1I,1,Control,9,08/12/2019,34,9
1J,0,Control,10,08/12/2019,34,10
2A,0,Sterile,1,08/12/2019,34,11
2B,0,Sterile,2,08/12/2019,34,12
2C,0,Sterile,3,08/12/2019,34,13
2D,2,Sterile,4,08/12/2019,34,14
2E,0,Sterile,5,08/12/2019,34,15
2F,0,Sterile,6,08/12/2019,34,16
2G,0,Sterile,7,08/12/2019,34,17
2H,0,Sterile,8,08/12/2019,34,18
2I,NA,Sterile,9,08/12/2019,34,19
2J,0,Sterile,10,08/12/2019,34,20
3A,NA,Undiluted,1,08/12/2019,34,21
3B,0,Undiluted,2,08/12/2019,34,22
3C,0,Undiluted,3,08/12/2019,34,23
3D,0,Undiluted,4,08/12/2019,34,24
3E,0,Undiluted,5,08/12/2019,34,25
3F,0,Undiluted,6,08/12/2019,34,26
3G,0,Undiluted,7,08/12/2019,34,27
3H,0,Undiluted,8,08/12/2019,34,28
3I,0,Undiluted,9,08/12/2019,34,29
3J,0,Undiluted,10,08/12/2019,34,30
4A,4,2X Diluted,1,08/12/2019,34,31
4B,0,2X Diluted,2,08/12/2019,34,32
4C,1,2X Diluted,3,08/12/2019,34,33
4D,0,2X Diluted,4,08/12/2019,34,34
4E,0,2X Diluted,5,08/12/2019,34,35
4F,0,2X Diluted,6,08/12/2019,34,36
4G,0,2X Diluted,7,08/12/2019,34,37
4H,0,2X Diluted,8,08/12/2019,34,38
4I,0,2X Diluted,9,08/12/2019,34,39
4J,0,2X Diluted,10,08/12/2019,34,40
1A,5,Control,1,09/12/2019,35,1
1B,6,Control,2,09/12/2019,35,2
1C,2,Control,3,09/12/2019,35,3
1D,5,Control,4,09/12/2019,35,4
1E,2,Control,5,09/12/2019,35,5
1F,2,Control,6,09/12/2019,35,6
1G,1,Control,7,09/12/2019,35,7
1H,2,Control,8,09/12/2019,35,8
1I,1,Control,9,09/12/2019,35,9
1J,3,Control,10,09/12/2019,35,10
2A,0,Sterile,1,09/12/2019,35,11
2B,NA,Sterile,2,09/12/2019,35,12
2C,0,Sterile,3,09/12/2019,35,13
2D,1,Sterile,4,09/12/2019,35,14
2E,0,Sterile,5,09/12/2019,35,15
2F,1,Sterile,6,09/12/2019,35,16
2G,1,Sterile,7,09/12/2019,35,17
2H,0,Sterile,8,09/12/2019,35,18
2I,NA,Sterile,9,09/12/2019,35,19
2J,0,Sterile,10,09/12/2019,35,20
3A,NA,Undiluted,1,09/12/2019,35,21
3B,0,Undiluted,2,09/12/2019,35,22
3C,0,Undiluted,3,09/12/2019,35,23
3D,0,Undiluted,4,09/12/2019,35,24
3E,0,Undiluted,5,09/12/2019,35,25
3F,1,Undiluted,6,09/12/2019,35,26
3G,0,Undiluted,7,09/12/2019,35,27
3H,0,Undiluted,8,09/12/2019,35,28
3I,0,Undiluted,9,09/12/2019,35,29
3J,0,Undiluted,10,09/12/2019,35,30
4A,4,2X Diluted,1,09/12/2019,35,31
4B,0,2X Diluted,2,09/12/2019,35,32
4C,0,2X Diluted,3,09/12/2019,35,33
4D,1,2X Diluted,4,09/12/2019,35,34
4E,0,2X Diluted,5,09/12/2019,35,35
4F,0,2X Diluted,6,09/12/2019,35,36
4G,0,2X Diluted,7,09/12/2019,35,37
4H,0,2X Diluted,8,09/12/2019,35,38
4I,NA,2X Diluted,9,09/12/2019,35,39
4J,0,2X Diluted,10,09/12/2019,35,40
