taxon,lfc_(Intercept),lfc_TreatmentSterile feed,lfc_TreatmentAntibiotics (2X),lfc_TreatmentAntibiotics (1X),se_(Intercept),se_TreatmentSterile feed,se_TreatmentAntibiotics (2X),se_TreatmentAntibiotics (1X),W_(Intercept),W_TreatmentSterile feed,W_TreatmentAntibiotics (2X),W_TreatmentAntibiotics (1X),p_(Intercept),p_TreatmentSterile feed,p_TreatmentAntibiotics (2X),p_TreatmentAntibiotics (1X),q_(Intercept),q_TreatmentSterile feed,q_TreatmentAntibiotics (2X),q_TreatmentAntibiotics (1X),diff_(Intercept),diff_TreatmentSterile feed,diff_TreatmentAntibiotics (2X),diff_TreatmentAntibiotics (1X),passed_ss_(Intercept),passed_ss_TreatmentSterile feed,passed_ss_TreatmentAntibiotics (2X),passed_ss_TreatmentAntibiotics (1X)
Bacteria_Proteobacteria_Gammaproteobacteria_Enterobacterales_Enterobacteriaceae_Citrobacter,-2.33979052891084,2.580923773899056,3.085159024508594,3.4583447662764066,0.4909239989886423,0.6930345172573317,1.8675753517713338,0.9197993711214338,-4.766095228041544,3.7240912387928424,1.6519595964802287,3.75989033571521,0.0014156841069336932,0.005837019897340568,0.1371460152363955,0.005545201070982569,0.01124314406909846,0.026192335673583967,0.39184575781827286,0.06756172134928012,TRUE,TRUE,FALSE,FALSE,FALSE,FALSE,TRUE,TRUE
Bacteria_Proteobacteria_Gammaproteobacteria_Enterobacterales_Enterobacteriaceae_Klebsiella,-1.3065784700304752,2.9026596979460155,0.7006675685573377,1.3846230713408805,0.5295428458062871,0.8314911354947788,0.8112760620015673,0.9699576503695982,-2.4673706393692587,3.4909087710463536,0.8636610906879982,1.427508789495372,0.04299832637459001,0.010116251522114587,0.41638286048010253,0.1964849910180428,0.11466220366557335,0.03887769036518307,0.651547045636994,0.42179584183487984,FALSE,TRUE,FALSE,FALSE,TRUE,FALSE,TRUE,TRUE
Bacteria_Bacteroidota_Bacteroidia_Bacteroidales_Bacteroidaceae_Bacteroides,-2.17391345338459,5.381073724223022,0.33486585291866117,2.744979685437379,1.7210551997445138,1.8470492053142624,1.910268828144653,2.540538995921121,-1.2631282562623802,2.9133353398170407,0.17529776332261013,1.0804713841607987,0.24211161842111453,0.019489240468043584,0.8652012797564933,0.3114253720961241,0.36092043373766586,0.06496413489347862,0.8873859279553776,0.5416093427758679,FALSE,FALSE,FALSE,FALSE,TRUE,FALSE,TRUE,TRUE
Bacteria_Proteobacteria_Gammaproteobacteria_Pseudomonadales_Pseudomonadaceae_Pseudomonas,-2.0680445907049125,3.0633572164810814,2.094092506105559,2.879994089273707,0.3922298102802322,0.5909750734201938,0.5602319613128215,0.71106428161031,-5.272532929680636,5.1835641709087446,3.737902602340574,4.050258413700004,7.529810677923945e-4,8.390874435927839e-4,0.0057225370457303654,0.00368288954000665,0.007529810677923946,0.015427848161982966,0.07630049394307155,0.06756172134928012,TRUE,TRUE,FALSE,FALSE,TRUE,TRUE,FALSE,FALSE
Bacteria_Bacteroidota_Bacteroidia_Bacteroidales_Tannerellaceae_NA,-3.1846139631585113,4.380562400083667,3.2292415426728027,4.304156272564603,0.38263340089824377,0.6342537195102467,0.6677857871707991,0.6855980071474719,-8.322885445135034,6.90664045843707,4.8357446425358885,6.277959135955861,1.6325271237094423e-4,4.554423904045546e-4,0.002893287314085055,7.595532131109422e-4,0.0037177395655272685,0.014804646813372516,0.04629259702536088,0.03038212852443769,TRUE,TRUE,TRUE,TRUE,FALSE,TRUE,FALSE,FALSE
Bacteria_Proteobacteria_Gammaproteobacteria_Burkholderiales_Alcaligenaceae_Achromobacter,-1.9446292774182896,2.288520258247146,2.250190420804758,3.0050718796619535,0.42390226304962664,0.5885642266352081,1.059058874355866,1.1484403133373147,-4.5874472653868095,3.888310153218962,2.1247075826387407,2.6166548185071568,0.001784518404282051,0.004620236242061369,0.06633730004665761,0.030810135210330464,0.011896789361880341,0.026192335673583967,0.24122654562420948,0.16432072112176246,TRUE,TRUE,FALSE,FALSE,FALSE,FALSE,TRUE,FALSE
Bacteria_Bacteroidota_Bacteroidia_Bacteroidales_Rikenellaceae_NA,-1.9124341274982084,2.809619684824512,2.113890571705437,1.9822536499898173,0.38164350630722665,0.7212756218842896,1.0421891006243498,1.0750046503582689,-5.011048520130409,3.8953481853227587,2.028317673288904,1.843948906945833,0.0015459323095010382,0.0059343378540636345,0.08211636688486451,0.10771920145171383,0.01124314406909846,0.026192335673583967,0.26277237403156645,0.3191680043013743,TRUE,TRUE,FALSE,FALSE,TRUE,TRUE,FALSE,TRUE
Bacteria_Proteobacteria_Gammaproteobacteria_Enterobacterales_Enterobacteriaceae_Cronobacter,-1.0657271060901294,3.216948264533336,-0.9913779144303346,2.1265759442695042,1.0970399258601706,1.5721307354926375,1.2343535956934673,1.4682715467108824,-0.9714569916445936,2.046234573185979,-0.8031555284394603,1.4483533029249995,0.3636838168157707,0.07997361927082831,0.44829269437984975,0.190784717245865,0.46926944105260737,0.1564819732547785,0.6575123575785395,0.42179584183487984,FALSE,FALSE,FALSE,FALSE,TRUE,TRUE,TRUE,TRUE
Bacteria_Proteobacteria_Alphaproteobacteria_Rhizobiales_Rhizobiaceae_Brucella,-2.7403557710229154,4.119581440805878,2.9822092303776677,3.6248978619488144,0.1898627357024417,0.5785270886249785,0.4489601232764682,0.9756826897567049,-14.433352394741005,7.12080993579254,6.64248131574312,3.7152425681065577,5.192130925235501e-7,9.992060489599299e-5,1.620662656696772e-4,0.0059116506180620105,4.1537047401884005e-5,0.00799364839167944,0.012965301253574176,0.06756172134928012,TRUE,TRUE,TRUE,FALSE,TRUE,TRUE,TRUE,FALSE
Bacteria_Proteobacteria_Alphaproteobacteria_Sphingomonadales_Sphingomonadaceae_Novosphingobium,-1.8552684153532413,2.49682788704104,1.8849747200606164,2.8045365033520073,0.22528769806899696,0.5647768383811023,0.441834769032815,0.808853961741571,-8.235107514770043,4.420910556810442,4.266243519465123,3.4672964910915,3.5429000069003826e-5,0.002223790144104762,0.002738092996171226,0.008476356646419318,0.001417160002760153,0.017790321152838098,0.04629259702536088,0.08476356646419318,TRUE,TRUE,TRUE,FALSE,TRUE,TRUE,TRUE,FALSE
Bacteria_Bacteroidota_Bacteroidia_Bacteroidales_M2PB4-65_termite_group_NA,-0.9386916575119181,0.4736816324891357,0.8788302928431285,2.4604827704679426,0.5796603433958003,0.8978536529269383,0.836285157292698,1.000493211674357,-1.6193822265170315,0.5275710923990427,1.0508739575005273,2.459269829877453,0.15649228536614984,0.6167280094201217,0.3337879274892856,0.04916816136013931,0.2663698474317444,0.6949047993466161,0.5934007599809521,0.20702383730584972,FALSE,FALSE,FALSE,FALSE,TRUE,TRUE,TRUE,TRUE
Bacteria_Proteobacteria_Gammaproteobacteria_Burkholderiales_SC-I-84_NA,-0.25140778054662843,0.46078212917719497,0.028780903772557733,0.28133353827746216,0.673269596913316,0.8066572786040779,0.7641063997237171,0.8904723556670757,-0.3734132384697558,0.5712241634694964,0.0376660943854995,0.3159374196032262,0.7185419620800606,0.5835343460111599,0.9708768632749434,0.7601353241046324,0.8096247460057021,0.6668963954413256,0.9831664438227276,0.8108110123782745,FALSE,FALSE,FALSE,FALSE,TRUE,TRUE,TRUE,TRUE
Bacteria_Bacteroidota_Bacteroidia_Chitinophagales_Chitinophagaceae_Chitinophaga,0.7593800088676594,-3.7282450882296927,1.0276351993502006,-0.41590383978768747,0.7062726063992607,1.5320456111842333,1.1067505848338737,1.180105256029963,1.075193915192538,-2.433507893637613,0.928515614477359,-0.3524294444606114,0.3179448108143476,0.0451873304115095,0.38404025106246514,0.7348887577419123,0.43111160788386116,0.10189207902345057,0.6400670851041086,0.7944743326939593,FALSE,FALSE,FALSE,FALSE,TRUE,TRUE,TRUE,TRUE
Bacteria_Proteobacteria_Gammaproteobacteria_Burkholderiales_Burkholderiaceae_Burkholderia-Caballeronia-Paraburkholderia,0.570269551566917,0.24527580726551745,-0.3308033141834254,-2.4302852503090575,0.36058926573110733,1.2490241281918222,0.48288000294992417,0.8108641689380821,1.5814934213603824,0.19637395445722614,-0.6850631878780254,-2.9971545708966145,0.1524216397602659,0.8492142344158518,0.5126605074959696,0.017145883531664314,0.2650811126265494,0.8823005032891965,0.6846423751007896,0.12254103562834742,FALSE,FALSE,FALSE,FALSE,TRUE,TRUE,TRUE,TRUE
Bacteria_Bacteroidota_Bacteroidia_Bacteroidales_NA_NA,-2.0149621896152157,3.4673257776379214,1.611053021989985,2.2033213346542224,0.3286150879961832,0.6482097452575172,0.7122785273418264,0.9190295449558559,-6.131678864479341,5.349079989935112,2.261830113006947,2.397443419253791,4.7601551300411465e-4,0.0010652577964230252,0.058174154961889504,0.047644787733773813,0.005440177291475596,0.015427848161982966,0.22161582842624572,0.20702383730584972,TRUE,TRUE,FALSE,FALSE,TRUE,TRUE,FALSE,FALSE
Bacteria_Actinobacteriota_Actinobacteria_Streptomycetales_Streptomycetaceae_NA,2.000886970526629,-3.2214004788048984,-2.0079035821174123,-4.231536909782957,0.6324429712403495,0.8793774571955233,0.8105648784253318,0.8602377336434393,3.1637429167763247,-3.663273890461628,-2.4771657834695806,-4.919031965571613,0.01947245229991577,0.010538278994530578,0.04798929173491715,0.0026593901583512195,0.06773026886927225,0.03887769036518307,0.22046374454471637,0.06756172134928012,FALSE,TRUE,FALSE,FALSE,FALSE,FALSE,TRUE,FALSE
Bacteria_Verrucomicrobiota_Verrucomicrobiae_Pedosphaerales_Pedosphaeraceae_NA,1.8588244557435585,-3.274803891430372,-2.131495922808503,-2.263732559694652,0.3134360749125004,0.6664962398470973,0.73247898601659,1.0185714461427922,5.930473881356741,-4.913461915676605,-2.909975526260663,-2.2224582951614593,3.495525111276674e-4,0.0011736510547412998,0.01958983737183795,0.05696324663535842,0.005440177291475596,0.015427848161982966,0.14653217444333907,0.22785298654143368,TRUE,TRUE,FALSE,FALSE,TRUE,TRUE,TRUE,TRUE
Bacteria_Proteobacteria_Alphaproteobacteria_Rhodospirillales_NA_NA,0.23056651433228054,0.5911565868269689,-1.2096733355471998,-0.53848385956819,0.21070830317569045,0.6970955402628115,0.6794105468235423,0.7849998194207527,1.0942450338088108,0.848028071739058,-1.780474767727411,-0.6859668578848012,0.30569653327933477,0.42106887804122795,0.11286867999981365,0.512119929353881,0.42165039073011695,0.5433146813435199,0.3472882461532728,0.6607999088437173,FALSE,FALSE,FALSE,FALSE,TRUE,TRUE,TRUE,TRUE
Bacteria_Actinobacteriota_Actinobacteria_Micrococcales_Cellulomonadaceae_NA,-1.0690471259756014,-0.40146333612962376,3.043293058328631,1.626785985232499,0.6450250555899243,1.0237618094559464,0.826999025619153,0.8343804267046246,-1.6573730225066634,-0.3921452552942679,3.6799233905386957,1.9496933690756273,0.14141127873462941,0.7066165823612971,0.00786047500962147,0.09220918611104437,0.25139782886156337,0.7639098187689699,0.08983400010995966,0.30736395370348124,FALSE,FALSE,FALSE,FALSE,TRUE,TRUE,TRUE,TRUE
Bacteria_Proteobacteria_Gammaproteobacteria_Xanthomonadales_Rhodanobacteraceae_Fulvimonas,-0.40996032627950896,-1.5200089802523813,2.271064879112417,-0.2971446161495258,0.5316318490410943,1.2769553680626786,0.7522137769030917,0.9920676874502455,-0.7711357530948446,-1.1903383769461335,3.019174799566321,-0.29952050642152206,0.4698949074644825,0.27886957111242416,0.023421987441817872,0.7746476490237933,0.5933023027564167,0.4016185128872592,0.1561465829454525,0.8154185779197825,FALSE,FALSE,FALSE,FALSE,TRUE,TRUE,TRUE,TRUE
Bacteria_Bacteroidota_Bacteroidia_Bacteroidales_Rikenellaceae_Alistipes,-1.5705495124105313,3.254052595560838,1.0128621484310885,1.3852722405396902,0.663146341049518,0.8120195160302353,0.8982625356617029,1.4458705840774502,-2.368330208872036,4.007357620502898,1.1275791967489395,0.9580886808231006,0.04972819187012337,0.005141554179060315,0.29665914577587643,0.36993101495197567,0.11700751028264322,0.026192335673583967,0.5722821707544173,0.580283945022707,FALSE,TRUE,FALSE,FALSE,TRUE,TRUE,TRUE,TRUE
Bacteria_Proteobacteria_Alphaproteobacteria_Rhizobiales_Xanthobacteraceae_NA,1.2877861625103464,-3.5325060042803824,-0.7200189377327666,-2.286754310803027,0.45335626403122725,1.2261258746801595,0.8385510594231071,0.7268524980824005,2.8405610877842498,-2.8810304694058044,-0.858646506544412,-3.146105044470503,0.029545187169356123,0.028019972250906446,0.42350557966404606,0.019912918289606455,0.09090826821340346,0.08302214000268576,0.651547045636994,0.12254103562834742,FALSE,FALSE,FALSE,FALSE,TRUE,FALSE,TRUE,TRUE
Bacteria_Verrucomicrobiota_Verrucomicrobiae_Opitutales_Opitutaceae_Ereboglobus,-0.6776309586250187,0.48695433487827616,1.6262632447895213,0.36257170387297777,0.5844787649428375,0.8151990220588562,0.7278128777922328,0.8996317284249392,-1.159376523612952,0.5973441107037034,2.234452418213143,0.40302236172546124,0.2797343819589504,0.5667964625679134,0.055907272607573354,0.6974877310833909,0.3926096588897549,0.6571553189193199,0.22161582842624572,0.7740386548310423,FALSE,FALSE,FALSE,FALSE,TRUE,TRUE,TRUE,TRUE
Bacteria_Actinobacteriota_Actinobacteria_Micrococcales_Microbacteriaceae_Humibacter,-0.17102668169122726,-1.9437651425946871,1.4876122460791077,0.1071222728013342,0.4746318425560984,1.2832566534555958,0.6934853187201547,0.7502441662235583,-0.36033545657234956,-1.5147126939575588,2.1451243536410187,0.14278321328447868,0.7309415281107967,0.18062063882389773,0.07561349313265371,0.8911356553020823,0.810636626793688,0.28332649227278073,0.2540277784754224,0.9258552262878776,FALSE,FALSE,FALSE,FALSE,TRUE,TRUE,TRUE,TRUE
Bacteria_Proteobacteria_Gammaproteobacteria_Enterobacterales_Budviciaceae_Pragia,-0.0031731940616296973,0.2560842456131533,-0.22734970117002726,-0.25077631915590576,0.2476767768331211,0.8215102175310123,0.41518883283483293,0.5482400607761666,-0.012811835256430693,0.31172374992826674,-0.5475814453335013,-0.4574206394200218,0.990091656645754,0.7632195774802093,0.598919614875784,0.6595349825559784,0.990091656645754,0.8141008826455566,0.7217349315388902,0.7561241528400726,FALSE,FALSE,FALSE,FALSE,TRUE,TRUE,TRUE,TRUE
Bacteria_Proteobacteria_Gammaproteobacteria_Burkholderiales_Rhodocyclaceae_Uliginosibacterium,-0.15405380173676336,1.0099718014124042,-0.48600318756175104,-0.14248795786289692,0.35003427918770313,1.3701030896020487,0.847276056340211,1.645241892100086,-0.44011061457827455,0.7371502254664312,-0.5736066585677286,-0.0866060842159913,0.6715053540360305,0.4820880269804384,0.5819962385901186,0.933113078239215,0.7785569322156876,0.6121752723561122,0.7217349315388902,0.9449246361916102,FALSE,FALSE,FALSE,FALSE,TRUE,TRUE,TRUE,TRUE
Bacteria_Proteobacteria_Gammaproteobacteria_Burkholderiales_Burkholderiaceae_Cupriavidus,0.32254768407761525,0.048307705303756054,-0.23491891757998162,-1.3383140749935314,0.2558257729700169,0.7638101627106408,0.5094457968165866,1.1588549957744514,1.2608099658333418,0.06324569593617305,-0.4611264221786452,-1.154858959812439,0.24290369895067077,0.9511225580990842,0.6569856782524905,0.281475696611502,0.36092043373766586,0.9631620841509714,0.761722525510134,0.5117739938390945,FALSE,FALSE,FALSE,FALSE,TRUE,TRUE,TRUE,TRUE
Bacteria_Bacteroidota_Bacteroidia_Bacteroidales_Dysgonomonadaceae_Dysgonomonas,-0.4215598373870874,1.4160033002815895,0.1449193667215184,-0.12169782422411753,0.3341149547183179,0.5447640514629978,0.7848393426245149,1.1042636752808188,-1.2617209479368907,2.599296514663228,0.1846484482249651,-0.11020721495087599,0.2474642225804633,0.03546146223905611,0.8587404865904587,0.9153381334426963,0.36092043373766586,0.09253162198755437,0.8873859279553776,0.938808341992509,FALSE,FALSE,FALSE,FALSE,TRUE,TRUE,TRUE,TRUE
Bacteria_Proteobacteria_Gammaproteobacteria_Xanthomonadales_Rhodanobacteraceae_Dyella,0.9042573610733595,-2.322876518252358,-0.2538505947361551,-2.2507260476733615,0.46445394672534684,1.405450491254549,0.6917449585084262,0.7604900272532439,1.9469257769233443,-1.6527629629834104,-0.366971369453158,-2.9595733895454064,0.09948206323965905,0.14946588452320908,0.7262351477843562,0.02529692666152466,0.18592431181223174,0.2491098075386818,0.806927941982618,0.14455386663728376,FALSE,FALSE,FALSE,FALSE,TRUE,TRUE,TRUE,TRUE
Bacteria_Bacteroidota_Bacteroidia_NA_NA_NA,-1.706476767634696,3.1120319288560556,1.883628206727712,1.1549267847697864,0.3163841222574777,0.5207177045916573,0.6735185357168574,1.3787783978138206,-5.393686495575596,5.976428113379564,2.7966983933454452,0.8376449664435043,0.0010153364553606653,5.551742555014693e-4,0.026650417931116808,0.42989840552382474,0.009025212936539248,0.014804646813372516,0.16400257188379574,0.608812150614001,TRUE,TRUE,FALSE,FALSE,TRUE,TRUE,TRUE,TRUE
Bacteria_Proteobacteria_Gammaproteobacteria_Burkholderiales_Comamonadaceae_NA,0.49761482618369257,-1.6999017922344686,0.41019505138814394,-1.8638228248970377,0.36057083605743784,0.8165469487302893,0.6327370964032974,1.1240363914728593,1.3800750821245678,-2.0818175793538565,0.6482867113684948,-1.6581516746578049,0.21678231410094392,0.08252702725893885,0.5408001282239677,0.1483603889800531,0.36092043373766586,0.157194337636074,0.6978066170631841,0.3746472301763615,FALSE,FALSE,FALSE,FALSE,TRUE,TRUE,TRUE,TRUE
Bacteria_Proteobacteria_Alphaproteobacteria_Rhizobiales_Rhizobiaceae_Allorhizobium-Neorhizobium-Pararhizobium-Rhizobium,0.6362365476307125,-0.5263059550740642,-0.401946528365688,-1.8514282580423942,0.5160878632842095,0.7465782920804819,0.8573733933084321,1.0615277305811703,1.2328066457171016,-0.7049574849108095,-0.4688115254132822,-1.7441167147171608,0.2526443036163661,0.5008422867574931,0.6517141287456014,0.11929547676808092,0.36092043373766586,0.621940684387565,0.761722525510134,0.34074416969069315,FALSE,FALSE,FALSE,FALSE,TRUE,TRUE,TRUE,TRUE
Bacteria_Bacteroidota_Bacteroidia_Bacteroidales_Rs-E47_termite_group_NA,-1.4053866026465713,2.5699370891782003,0.8592692168812675,1.678915925050403,0.405998063992363,0.7038662900632151,0.804307621907855,0.7472120549247775,-3.4615598626918755,3.6511722829450903,1.0683340471684715,2.2469069041176284,0.013441639972265539,0.010691364850425345,0.32645572353736213,0.06572001909424861,0.055903468945775144,0.03887769036518307,0.5934007599809521,0.2503619775018995,FALSE,TRUE,FALSE,FALSE,TRUE,FALSE,TRUE,TRUE
Bacteria_Actinobacteriota_Actinobacteria_Micrococcales_NA_NA,-0.24402972883441962,-0.70259649882590125,1.7200414913781972,-0.7050222272580409,0.6094946469357121,0.8034060834592057,0.8273789190561686,1.2307444395344715,-0.40038043001903384,-0.8745222538031439,2.0789041777138006,-0.5728420983357968,0.7008140838736957,0.4108321246937813,0.07620833354262672,0.5846741470917229,0.8009303815699379,0.5387962291065983,0.2540277784754224,0.7195989502667359,FALSE,FALSE,FALSE,FALSE,TRUE,TRUE,TRUE,TRUE
Bacteria_Actinobacteriota_Thermoleophilia_Solirubrobacterales_67-14_NA,1.2855191397229373,-4.770236856623534,0.29747867651704984,-0.6514466226512294,0.32447812127623543,1.1519370323871252,0.5203265074804784,0.6497295759589955,3.961805297277798,-4.1410569523390635,0.571715398389944,-1.0026427097607487,0.005449074541972394,0.004343417214922712,0.5853966797624479,0.3494254519366905,0.02724537270986197,0.026192335673583967,0.7217349315388902,0.580283945022707,TRUE,TRUE,FALSE,FALSE,FALSE,FALSE,TRUE,TRUE
Bacteria_Actinobacteriota_Actinobacteria_Streptomycetales_Streptomycetaceae_Streptacidiphilus,-0.38060947213887814,-0.26204444960890927,1.854181787701787,-1.0765387803802053,0.3730611402113311,1.20672476812839,0.6740227370782071,0.6789168240255392,-1.020233498249834,-0.21715345249384072,2.750918753482118,-1.5856710900122113,0.34697895695482045,0.8352846358545042,0.03325125736663949,0.16390816320215815,0.4550543697768137,0.8792469851100043,0.17734003928874392,0.3746472301763615,FALSE,FALSE,FALSE,FALSE,TRUE,TRUE,TRUE,TRUE
Bacteria_Actinobacteriota_Actinobacteria_Corynebacteriales_Mycobacteriaceae_Mycobacterium,0.8667788748858842,-3.519130781900076,0.7650273866330074,-0.9263573433065602,0.34300966604501887,1.3595944363839556,0.5269802319491131,0.7323812460337711,2.5269809008009774,-2.5883680366181325,1.4517193250369984,-1.2648567236303108,0.03940640922094365,0.036030332295912716,0.18987830118276652,0.24640239690932028,0.11258974063126757,0.09253162198755437,0.44677247337121534,0.46933789887489574,FALSE,FALSE,FALSE,FALSE,TRUE,TRUE,TRUE,TRUE
Bacteria_Bacteroidota_Bacteroidia_Bacteroidales_Dysgonomonadaceae_Candidatus_Symbiothrix,-1.4897355976476072,3.0888620910651947,0.6395299387544865,1.6518823144152646,0.5948000389285351,1.1331997819850417,0.8437381484835845,0.8573846026595742,-2.5045990251298527,2.7257877562016404,0.7579720555528834,1.9266526472381111,0.046239683911365626,0.03437762540019924,0.4771725813397705,0.1023179778809009,0.11559920977841406,0.09253162198755437,0.6697159036347655,0.3148245473258489,FALSE,FALSE,FALSE,FALSE,TRUE,FALSE,TRUE,TRUE
Bacteria_Actinobacteriota_Actinobacteria_Corynebacteriales_Nocardiaceae_Rhodococcus,-0.6375330944994007,-0.9251631702103716,1.543774593137179,1.3368088438707804,0.37108323467916304,0.7804988139968019,0.5911323822093405,0.8394457683906841,-1.7180326000192625,-1.185348591976416,2.6115547711451117,1.5924898238913034,0.13659520502139744,0.28069335772896853,0.040036864898958975,0.16238165882890057,0.24835491822072261,0.4016185128872592,0.20018432449479487,0.3746472301763615,FALSE,FALSE,FALSE,FALSE,TRUE,TRUE,TRUE,TRUE
Bacteria_Proteobacteria_Gammaproteobacteria_Enterobacterales_Enterobacteriaceae_NA,-1.1263896361369319,1.0804307803704274,2.607363825336596,0.5830293878814067,0.28266953286716545,0.44015531986494805,0.5594508114742126,0.707499197497008,-3.9848285901624028,2.4546580073187205,4.660577430330137,0.8240707409196352,0.004034366201435402,0.03964766754634935,0.0016222327923255857,0.43377865731247567,0.023053521151059443,0.09328862952082201,0.04629259702536088,0.608812150614001,TRUE,FALSE,TRUE,FALSE,TRUE,TRUE,TRUE,TRUE
Bacteria_Actinobacteriota_Actinobacteria_Micrococcales_Microbacteriaceae_NA,0.057931143221248656,-0.7667561269031836,0.31959358153909756,-0.5417206039117649,1.0275929793808611,1.138629176533888,1.1342018327088985,1.177255256543292,0.05637557319256206,-0.6734028450221812,0.2817784033868015,-0.4601556042335189,0.9568730903299907,0.5257660155643633,0.7875798656649744,0.6616086337350636,0.9703385567362566,0.6361876557795734,0.8489680088179301,0.7561241528400726,FALSE,FALSE,FALSE,FALSE,TRUE,TRUE,TRUE,TRUE
Bacteria_Proteobacteria_Gammaproteobacteria_Enterobacterales_NA_NA,-1.8482179188759515,3.6647245979327843,1.4863885942767316,2.041961151431753,0.797725258693914,1.3933824258162693,1.410441760020092,1.075980385761352,-2.3168602206503657,2.6300924498785183,1.053846132757412,1.897768006232645,0.05364195411465038,0.03390805695680092,0.3269643173198177,0.09953215575738542,0.12261018083348657,0.09253162198755437,0.5934007599809521,0.3148245473258489,FALSE,FALSE,FALSE,FALSE,TRUE,TRUE,TRUE,TRUE
Bacteria_Bacteroidota_Bacteroidia_Bacteroidales_Dysgonomonadaceae_NA,-2.2946595134312986,3.9201933022881215,2.8176349121440727,2.2060752883336985,0.8775698403585939,0.9864217879279035,0.9744047845854701,1.6610401327517215,-2.614788485089291,3.9741552247370313,2.8916472463163725,1.328128830143952,0.03089958544962301,0.004095044714184987,0.020148173985959122,0.22077515117976707,0.09155432725814225,0.026192335673583967,0.14653217444333907,0.44155030235953413,FALSE,TRUE,FALSE,FALSE,FALSE,TRUE,TRUE,TRUE
Bacteria_Proteobacteria_Gammaproteobacteria_Xanthomonadales_Xanthomonadaceae_Xanthomonas,-0.13143342898243499,0.4071174628809992,0.7836306187672011,-0.8997489166777595,0.20089009573670327,0.8040044273538598,0.46631451071142466,0.5496932560135469,-0.6542553952221631,0.5063622152192676,1.6804765898699325,-1.6368200024916908,0.5313013610770176,0.626259292200706,0.13137404763675517,0.14030441964510884,0.6430687550011502,0.6958436580007844,0.38925643744223754,0.3741451190536236,FALSE,FALSE,FALSE,FALSE,TRUE,TRUE,TRUE,TRUE
Bacteria_Verrucomicrobiota_Verrucomicrobiae_Opitutales_Puniceicoccaceae_Cerasicoccus,-1.6588004075695595,2.780781872386757,1.1185109828224546,2.607268211207239,0.4685171137731601,0.9434775242322438,0.6875835576884141,0.7575476482011644,-3.5405332245188674,2.9473747926847773,1.6267273559925934,3.4417217417258583,0.012211020888820189,0.025700369866959418,0.1549195354013557,0.013771865278221355,0.05427120395031195,0.07907806112910591,0.41311876107028184,0.1224165802508565,FALSE,FALSE,FALSE,FALSE,TRUE,TRUE,TRUE,TRUE
Bacteria_Firmicutes_Bacilli_Paenibacillales_Paenibacillaceae_Paenibacillus,-0.5010500497928387,-1.792613292414953,1.9871784350527102,0.8567379796692528,0.48407327997472627,1.0027388045156487,0.8235328670855643,0.8828407194000525,-1.0350706608284572,-1.7877170847904267,2.412992261116695,0.9704332399296918,0.34053967521597484,0.12404433742158227,0.05236013932937014,0.3693084652121481,0.4540529002879664,0.21566625298924003,0.22046374454471637,0.580283945022707,FALSE,FALSE,FALSE,FALSE,TRUE,TRUE,TRUE,TRUE
Bacteria_Actinobacteriota_Actinobacteria_Micrococcales_Microbacteriaceae_Galbitalea,-0.4362478443638845,0.012279049888969279,0.6719943254711976,0.5712409964470831,0.33765075443595466,0.6384283972283742,0.5188066882094802,0.7738286114468961,-1.292009091146964,0.019233245172483926,1.2952692028516495,0.7382009245936036,0.23737078649153126,0.9851917734597891,0.23630583970655844,0.484400065845501,0.36092043373766586,0.9851917734597891,0.5109315453114778,0.6352787748793455,FALSE,FALSE,FALSE,FALSE,TRUE,TRUE,TRUE,TRUE
Bacteria_Bacteroidota_Bacteroidia_Chitinophagales_Chitinophagaceae_Taibaiella,0.08116408290690313,-0.4338298112774126,0.7226937025448265,-0.848254773854323,0.4789259554319408,0.6790521117535716,0.5982183865817742,1.1424454593742472,0.1694710465915377,-0.6388755793087787,1.2080767137137083,-0.7424903892733211,0.869633081538981,0.5407595074126373,0.2615148041133268,0.4790216582989294,0.9154032437252431,0.6361876557795734,0.5505574823438458,0.6352787748793455,FALSE,FALSE,FALSE,FALSE,TRUE,TRUE,TRUE,TRUE
Bacteria_Proteobacteria_Alphaproteobacteria_Sphingomonadales_Sphingomonadaceae_Sphingobium,-1.5195236411878215,1.4595066986890879,0.562732779490282,2.992039646527909,0.3570407369560114,1.061816939557779,0.6678983332582981,0.8974283776955989,-4.255883107744738,1.374537026407713,0.8425425719286155,3.334014970878029,0.005345403008888625,0.21840300736973142,0.4317811976116046,0.01572809567464361,0.02724537270986197,0.33600462672266374,0.6517452039420447,0.12254103562834742,TRUE,FALSE,FALSE,FALSE,FALSE,TRUE,TRUE,FALSE
Bacteria_Proteobacteria_Alphaproteobacteria_Rhizobiales_Kaistiaceae_Kaistia,0.2807416923387768,-1.5500726543536982,0.9073972904061307,-1.6750896520802079,0.806669521814348,0.9629476288598877,1.0105362497372417,1.2518110102622784,0.3480256595133744,-1.6097164662931418,0.8979364081615786,-1.3381330235538067,0.7397059219492403,0.1585852061698954,0.40381026270731946,0.22933226436440976,0.810636626793688,0.25373632987183264,0.651547045636994,0.44747758900372636,FALSE,FALSE,FALSE,FALSE,TRUE,TRUE,TRUE,TRUE
Bacteria_Proteobacteria_Gammaproteobacteria_Enterobacterales_Enterobacteriaceae_Raoultella,-0.6070822775797534,0.6872945691794582,0.8588770963210687,0.6231274143661507,0.4858994073812752,0.7589798188131992,0.760541385698369,0.7137612404094331,-1.2493990903417351,0.9055505194514477,1.129296988266329,0.8730194063335628,0.25167464035572756,0.39527252106519384,0.29598132729892074,0.41159695203720337,0.36092043373766586,0.5387962291065983,0.5722821707544173,0.608812150614001,FALSE,FALSE,FALSE,FALSE,TRUE,TRUE,TRUE,TRUE
Bacteria_Actinobacteriota_Actinobacteria_Streptomycetales_Streptomycetaceae_Streptomyces,0.01696513356284076,-1.1279479317074252,0.7871846697872025,-0.44557894586931807,0.312402936156503,0.7105213889918699,0.5336834134778643,0.8242463180543035,0.05430529485914248,-1.5874932819514764,1.475003063440443,-0.5405895496398956,0.9582093247770533,0.15642310667602902,0.1837140306667069,0.605556140094805,0.9703385567362566,0.25373632987183264,0.44536734707080466,0.7340074425391575,FALSE,FALSE,FALSE,FALSE,TRUE,TRUE,TRUE,TRUE
Bacteria_Bacteroidota_Bacteroidia_Bacteroidales_Paludibacteraceae_NA,-1.0223473460039847,1.6774123036227746,0.7562246860685193,1.2084753846829857,0.4818189005745237,0.7874766264109853,0.7784140201044439,1.0664623260633295,-2.1218498169850366,2.13011059295534,0.9714941747414219,1.1331627523532632,0.07152585596779648,0.0706586583668044,0.3636665539342905,0.29446058961257016,0.15612743970560455,0.1449408376754962,0.6310369143520206,0.5234854926445691,FALSE,FALSE,FALSE,FALSE,TRUE,TRUE,TRUE,TRUE
Bacteria_Proteobacteria_Alphaproteobacteria_Rhizobiales_Beijerinckiaceae_Camelimonas,0.3511425333501505,-0.7077954334020286,0.14524720303644487,-1.0767564539943144,0.4680921516688953,1.0958273362997517,0.8229317282512784,1.1040468915232666,0.7501568485996128,-0.6459005081877414,0.17649969985370925,-0.9752814506897445,0.4746418422051334,0.536426904102447,0.8642877121064877,0.357985076261081,0.5933023027564167,0.6361876557795734,0.8873859279553776,0.580283945022707,FALSE,FALSE,FALSE,FALSE,TRUE,TRUE,TRUE,TRUE
Archaea_Euryarchaeota_Methanobacteria_Methanobacteriales_Methanobacteriaceae_Methanobrevibacter,-2.304310016102845,4.141377560470566,1.6772283252005085,3.1638996277810043,0.6502843305218259,0.8622050981241642,1.0467333268605419,0.8191222688395478,-3.543542275197886,4.803239472233062,1.602345394152114,3.862548667201183,0.007580548789665083,0.0013499367141735095,0.1477468957427032,0.004791601534627367,0.03567317077489451,0.015427848161982966,0.4075776434281468,0.06756172134928012,TRUE,TRUE,FALSE,FALSE,TRUE,TRUE,TRUE,FALSE
Bacteria_Bacteroidota_Bacteroidia_Flavobacteriales_Flavobacteriaceae_Flavobacterium,1.4023229779507151,-3.6574197652223224,-0.28690517424053547,-1.8997015232992986,0.5833282048044846,0.9939100477152236,1.0728458951023714,1.6195840956381755,2.40400338334529,-3.679829752833177,-0.2674244041481455,-1.1729563956669669,0.042907829444655196,0.006220679722476192,0.7959075082668094,0.27455263815905606,0.11466220366557335,0.026192335673583967,0.8489680088179301,0.5107956058773135,FALSE,TRUE,FALSE,FALSE,TRUE,FALSE,TRUE,TRUE
Bacteria_Proteobacteria_Alphaproteobacteria_Sphingomonadales_Sphingomonadaceae_Sphingomonas,1.5066115109590736,-3.2909911681389725,-1.575373711495608,-2.103028457418328,0.4629740669983457,0.6728703458662892,0.6658920737747519,0.8623508310341507,3.2542028125399454,-4.890973704454124,-2.365809375932746,-2.4387156383862103,0.013975867236443786,0.001771274265618257,0.04991291408978862,0.04484337150092592,0.055903468945775144,0.015744660138828952,0.22046374454471637,0.20702383730584972,FALSE,TRUE,FALSE,FALSE,FALSE,TRUE,TRUE,FALSE
Bacteria_Proteobacteria_Gammaproteobacteria_Burkholderiales_Rhodocyclaceae_NA,1.8505841286675901,-3.368175002765451,-2.0062740331069255,-2.8819051776539206,0.2950317500016734,0.8470771861164629,0.6003429098515934,1.4004520946434755,6.272491447639427,-3.9762315146359843,-3.3418801158206106,-2.0578391711339408,4.150275659123825e-4,0.005349563628868296,0.012387719891331797,0.07861545237663708,0.005440177291475596,0.026192335673583967,0.11011306570072708,0.2858743722786803,TRUE,TRUE,FALSE,FALSE,FALSE,TRUE,TRUE,TRUE
Bacteria_Bacteroidota_Bacteroidia_Bacteroidales_Paludibacteraceae_H1,-1.1990425832153857,1.66645408577564,1.278632898015091,1.373374811297583,0.35734791139219463,0.6336309252376898,0.8245770297630893,0.6735415204784689,-3.3553927278993347,2.6300075002660486,1.5506530643746614,2.039035114452882,0.015316728744293615,0.03905921947613292,0.1719644700066099,0.08756131215026815,0.05834944283540424,0.09328862952082201,0.4299111750165247,0.30456108574006313,FALSE,FALSE,FALSE,FALSE,TRUE,TRUE,TRUE,TRUE
Bacteria_Proteobacteria_Gammaproteobacteria_Burkholderiales_NA_NA,-1.3144426040637738,0.3666281099192654,2.510651820618594,1.6660792419349928,0.2985425056297041,0.5222409662011975,0.5371490437371386,1.8554666347513051,-4.402865854198119,0.7020286297839358,4.674032002646954,0.8979300466689898,0.0031459005421226403,0.5053268060648965,0.0022766999962274444,0.39905306046308736,0.01935938795152394,0.621940684387565,0.04629259702536088,0.608812150614001,TRUE,FALSE,TRUE,FALSE,FALSE,TRUE,FALSE,TRUE
Bacteria_Verrucomicrobiota_Verrucomicrobiae_NA_NA_NA,-0.5041597773287068,1.678735354299565,-0.9581999825444076,1.235788199917547,0.38456111095712286,0.8610118365514768,0.67011239296053,0.7760676623161712,-1.3110004183052162,1.9497238981327285,-1.429909359400321,1.5923717221116283,0.23779528087670015,0.09909689028351454,0.202684096321064,0.16240798273233112,0.36092043373766586,0.1843663075042131,0.45467764008779155,0.3746472301763615,FALSE,FALSE,FALSE,FALSE,TRUE,TRUE,TRUE,TRUE
Bacteria_Proteobacteria_Alphaproteobacteria_Sphingomonadales_Sphingomonadaceae_NA,0.2179405020277313,-0.8794797299053904,0.4604855732192667,-0.6875024023840994,0.3056775147635773,0.5160021250864751,0.6380583946892079,1.4838230076519492,0.7129752484290343,-1.7044110617916568,0.7216981659548023,-0.4633318117044337,0.49612849603005105,0.12670392363117852,0.4910324117832553,0.6554707955337633,0.6106196874216013,0.21566625298924003,0.6772860852182833,0.7561241528400726,FALSE,FALSE,FALSE,FALSE,TRUE,TRUE,TRUE,TRUE
Bacteria_Firmicutes_Clostridia_Oscillospirales_Ruminococcaceae_NA,-1.9865752650287574,3.392679220448646,1.4546775106193364,2.155220584452141,0.9389181650533271,1.0866440194955167,1.2839140541145886,1.5185567265592037,-2.1158130058288167,3.122162510979193,1.1330022488323874,1.4192558939404991,0.07873768343871755,0.02052831478317097,0.30044813964606915,0.20562547289450395,0.16151319679736933,0.0656906073061471,0.5722821707544173,0.42179584183487984,FALSE,FALSE,FALSE,FALSE,TRUE,FALSE,TRUE,TRUE
Bacteria_Bacteroidota_Bacteroidia_Sphingobacteriales_NA_NA,-0.693202495408153,0.8839024977120543,0.47460122799535104,1.2240492593864052,0.35664908897281006,0.6541901763594676,0.6016848303244103,0.6835293376300161,-1.9436541879432667,1.351139973747272,0.7887870926369547,1.7907779403156565,0.09993431759907456,0.22537190178198918,0.4602586503049777,0.12351976151287626,0.18592431181223174,0.34018400268979504,0.6575123575785395,0.34074416969069315,FALSE,FALSE,FALSE,FALSE,TRUE,TRUE,TRUE,TRUE
Bacteria_Elusimicrobiota_Endomicrobia_Endomicrobiales_Endomicrobiaceae_Endomicrobium,-1.3834106429469497,3.4179573509355676,-0.5554110803520579,2.4190261797662336,0.635024379060271,0.8185982758775286,0.9665380219189026,0.8964867934950677,-2.1785157996519193,4.175378145368745,-0.5746396600615673,2.6983400060310454,0.07220894086384211,0.005843455115615689,0.5864189623653894,0.03565466204849824,0.15612743970560455,0.026192335673583967,0.7217349315388902,0.17827331024249118,FALSE,TRUE,FALSE,FALSE,TRUE,FALSE,TRUE,TRUE
Bacteria_Bacteroidota_Bacteroidia_Sphingobacteriales_Sphingobacteriaceae_Mucilaginibacter,2.444039857295837,-4.365978987128964,-2.4300067127873004,-3.644808279324409,0.34197907243242004,0.8788666660829187,0.7199870834732206,0.6188088535255194,7.146752694286035,-4.967737605282034,-3.375069870788429,-5.890038997598309,1.8588697827636342e-4,0.0016233232689141965,0.011838079053295252,6.055401075027967e-4,0.0037177395655272685,0.015744660138828952,0.11011306570072708,0.03038212852443769,TRUE,TRUE,FALSE,TRUE,TRUE,TRUE,TRUE,TRUE
Bacteria_Proteobacteria_Gammaproteobacteria_Burkholderiales_Alcaligenaceae_NA,0.19768362718799426,-0.17498278705755654,-0.2023580039517414,-0.6481282687019775,0.33126163629342525,0.9755359884696979,0.532077150596564,0.8674092765466087,0.5967597980856735,-0.17937091929540008,-0.3803170343339456,-0.7472000660199897,0.56716786963732,0.8621062379153436,0.7136091033374661,0.476327916958201,0.6672563172203765,0.884211526067019,0.8040665953098209,0.6352787748793455,FALSE,FALSE,FALSE,FALSE,TRUE,TRUE,TRUE,TRUE
Bacteria_Firmicutes_Bacilli_Bacillales_Bacillaceae_Bacillus,-1.0302306776326722,0.5647773083280944,2.5125023411987577,0.5403378637456608,0.43062907440253173,0.6015847371983517,0.9469581721575406,1.085945177201772,-2.3923853238707733,0.9388158864507207,2.6532347627079407,0.4975737957030075,0.04800024026293972,0.37908071556613593,0.03278739674560824,0.6340317072613616,0.1163642188192478,0.5320431095665066,0.17734003928874392,0.7561241528400726,FALSE,FALSE,FALSE,FALSE,TRUE,TRUE,TRUE,TRUE
Bacteria_Firmicutes_Clostridia_Oscillospirales_NA_NA,-0.8686755284572005,1.6760117597789168,0.47681873853717305,0.9258185450533158,0.28402725028140247,0.6915474986251664,0.5430653492423344,1.0603789682506675,-3.0584231886079687,2.4235670913580316,0.8780135561998454,0.8731015729033751,0.01836413895660729,0.04585143556055275,0.40905933016642126,0.4115551091795876,0.06677868711493559,0.10189207902345057,0.651547045636994,0.608812150614001,FALSE,FALSE,FALSE,FALSE,TRUE,FALSE,TRUE,TRUE
Bacteria_Proteobacteria_Alphaproteobacteria_Rhizobiales_Hyphomicrobiaceae_Hyphomicrobium,0.0744892736836931,-1.9200270803123052,0.39384291788008474,0.4964584259428856,0.5150708543997227,1.044724359596535,0.7207023379996081,0.8481915825363063,0.14461946943300624,-1.837831254412222,0.5464709868615674,0.5853140212242497,0.8897468659920518,0.11572544631166629,0.6044530051638206,0.5796681953069881,0.9244123283034303,0.2057341267762956,0.7217349315388902,0.7195989502667359,FALSE,FALSE,FALSE,FALSE,TRUE,TRUE,TRUE,TRUE
Bacteria_Proteobacteria_Gammaproteobacteria_Legionellales_Legionellaceae_Legionella,-0.6338833498705169,1.5501379985307684,0.7582238217157385,-0.007562971723737849,0.26631181137251164,0.498266492334063,0.7995534196388786,0.8717211018222917,-2.380229951512941,3.111062097050423,0.9483091474465749,-0.008675907590085654,0.04452969160993272,0.014422304070795998,0.37073418718181206,0.9932901647562613,0.11491533318692314,0.05016453589842086,0.6310369143520206,0.9932901647562613,FALSE,FALSE,FALSE,FALSE,TRUE,TRUE,TRUE,TRUE
Bacteria_Firmicutes_Bacilli_Erysipelotrichales_Erysipelotrichaceae_NA,0.20798970250089324,-1.038529137205342,-0.8457991398726921,1.2432534734242784,0.9441036625423211,1.1317360548792998,1.2292880665695536,1.4307917340512872,0.22030388266984371,-0.9176425304538889,-0.6880398198552239,0.8689269331351291,0.8343471796551202,0.4009041157573876,0.5220398110143522,0.4246244756537915,0.8899703249654615,0.5387962291065983,0.6846423751007896,0.608812150614001,FALSE,FALSE,FALSE,FALSE,TRUE,TRUE,TRUE,TRUE
Bacteria_Proteobacteria_Gammaproteobacteria_Xanthomonadales_Xanthomonadaceae_Pseudoxanthomonas,-0.4885410385027435,1.584422285385125,0.7560311344101959,-0.6210238167436462,0.24143133372761735,0.7911967728855108,1.122262166832778,0.7784319632861603,-2.0235196109793896,2.0025641404055587,0.6736671312228668,-0.7977881767880989,0.0776337041743309,0.08019701129307398,0.5195081321134529,0.4480243408812581,0.16151319679736933,0.1564819732547785,0.6846423751007896,0.6179646081120802,FALSE,FALSE,FALSE,FALSE,TRUE,TRUE,TRUE,TRUE
Bacteria_Firmicutes_Clostridia_Monoglobales_Monoglobaceae_Monoglobus,-0.7058711519940092,1.748166489057281,0.02543109768462284,0.4846248934615332,1.0826512951089755,1.4763048981336677,1.1804312290388148,1.2260446666873115,-0.6519838429814643,1.1841500297582825,0.021543904514734435,0.39527507164233777,0.5385700823134634,0.28113295902108143,0.9835103715555221,0.7063102725333261,0.6430687550011502,0.4016185128872592,0.9835103715555221,0.7740386548310423,FALSE,FALSE,FALSE,FALSE,TRUE,TRUE,TRUE,TRUE
Bacteria_Proteobacteria_Alphaproteobacteria_NA_NA_NA,-0.9368568201262808,1.1000747184561723,1.1395194077125406,1.2730986033771121,0.4862930794944428,0.6116783678127891,0.8250960894607468,0.8109503341812484,-1.9265271492250116,1.798452873835915,1.3810747890676462,1.5698848002355876,0.09020274513018862,0.10981234868527583,0.2046049380395062,0.15508202709049856,0.18040549026037725,0.1996588157914106,0.45467764008779155,0.3746472301763615,FALSE,FALSE,FALSE,FALSE,TRUE,TRUE,TRUE,TRUE
Bacteria_Firmicutes_NA_NA_NA_NA,-1.3302628786577149,2.2443537027912024,-0.24395654114179666,2.6627940461086843,0.43473097999083327,0.7952494880710718,0.7587604094574448,0.7763294035987435,-3.059967979935004,2.8222007514082468,-0.3215198606846645,3.4299796372069222,0.028103039485054,0.037012648795021745,0.76082243129121,0.018635960718520188,0.0899297263521728,0.09253162198755437,0.8337780068944767,0.12254103562834742,FALSE,FALSE,FALSE,FALSE,TRUE,FALSE,TRUE,TRUE
Bacteria_NA_NA_NA_NA_NA,0.8639594413010623,-1.3918641886225525,-1.472077733137099,-1.0978406623966281,0.3048265265606594,0.6004515241055816,0.9474641706637703,1.0783526149586773,2.834265938234012,-2.318029237573908,-1.5537027981815896,-1.0180720546949271,0.025251275510974756,0.053549667641948955,0.16420144584477814,0.34253343432376154,0.08417091836991586,0.11578306517178152,0.4237456666962016,0.580283945022707,FALSE,FALSE,FALSE,FALSE,TRUE,TRUE,TRUE,TRUE
Bacteria_Actinobacteriota_Actinobacteria_Micrococcales_Demequinaceae_Lysinimicrobium,0.2855795256584799,-0.5539788267788925,-0.5124293126154472,-0.4815501107465815,1.0660995474184292,1.228834793360635,1.1634787270654148,1.2133641864823106,0.2678732266137938,-0.4508163585308838,-0.4404286049199391,-0.39687186758219184,0.7977677394611042,0.6679555825299448,0.675050584242895,0.7051935547706054,0.8624516102282208,0.7320061178410353,0.7714863819918799,0.7740386548310423,FALSE,FALSE,FALSE,FALSE,TRUE,TRUE,TRUE,TRUE
Bacteria_Elusimicrobiota_Elusimicrobia_Elusimicrobiales_Elusimicrobiaceae_Elusimicrobium,-1.1995495109667915,2.1375337948609645,0.704603451301144,1.5851166181030039,0.5512515805039739,0.8094536005895219,0.8483176822387024,1.0424047103102767,-2.1760472956288313,2.6407119485344275,0.8305891366565673,1.5206345505012024,0.09516412610245954,0.05753751988467334,0.4529058093723999,0.20299120039579585,0.18568609971211616,0.1211316208098386,0.6575123575785395,0.42179584183487984,FALSE,FALSE,FALSE,FALSE,TRUE,TRUE,TRUE,TRUE
Bacteria_Proteobacteria_Alphaproteobacteria_Paracaedibacterales_Paracaedibacteraceae_NA,0.6074445962779006,-0.8626117944182589,-0.92795066551833,-0.5369826587605981,0.46054328481011875,0.9583119347225743,0.7921806159940984,0.885071126017712,1.3189739516630863,-0.9001367541853478,-1.1713877451468002,-0.606711305990398,0.2443529624189498,0.4093050307468465,0.2942210985705354,0.570533567964193,0.36092043373766586,0.5387962291065983,0.5722821707544173,0.7195989502667359,FALSE,FALSE,FALSE,FALSE,TRUE,TRUE,TRUE,TRUE
